日期 年/月/日,城市,业务线,PV,UV,报名量,分配量,分配率,拉新量,录入量,带看量,成交量,二手单量,租赁单量,新房单量
总和,合计,合计,272897,210497,28047,11114,0.396,8599,11511,5158,386,55,328,3
2022年7月21日,北京,二手房,274,52,1,1,1,0,1,,,0,0,0
2022年7月21日,太原,二手房,157,39,3,2,0.667,3,11,4,,0,0,0
2022年7月21日,太原,租房,157,39,3,3,1,3,4,2,,0,0,0
2022年7月22日,北京,二手房,862,486,50,33,0.66,25,37,1,,0,0,0
2022年7月22日,北京,新房,862,486,3,2,0.667,0,7,,,0,0,0
2022年7月22日,北京,租房,862,486,27,19,0.704,10,30,14,1,0,1,0
2022年7月22日,常州,二手房,15,8,3,2,0.667,0,1,,,0,0,0
2022年7月22日,成都,租房,18,15,2,1,0.5,1,,,,0,0,0
2022年7月22日,东莞,二手房,60,17,3,0,0,0,,,,0,0,0
2022年7月22日,东莞,租房,60,17,2,1,0.5,1,,,,0,0,0
2022年7月22日,杭州,新房,77,71,1,1,1,0,,,,0,0,0
2022年7月22日,杭州,租房,77,71,2,0,0,0,,2,1,0,1,0
2022年7月22日,呼和浩特,二手房,11,5,2,0,0,0,,,,0,0,0
2022年7月22日,临汾,二手房,21,9,5,2,0.4,0,,,,0,0,0
2022年7月22日,临沂,租房,6,3,2,1,0.5,0,,,,0,0,0
2022年7月22日,南京,二手房,112,77,9,5,0.556,3,3,,,0,0,0
2022年7月22日,南京,新房,112,77,3,1,0.333,1,1,,,0,0,0
2022年7月22日,南京,租房,112,77,12,8,0.667,2,9,1,1,0,1,0
2022年7月22日,青岛,二手房,34,19,9,5,0.556,1,3,1,,0,0,0
2022年7月22日,青岛,租房,34,19,1,0,0,1,,,,0,0,0
2022年7月22日,上海,二手房,112,72,1,1,1,1,,,,0,0,0
2022年7月22日,上海,租房,112,72,1,1,1,0,,,,0,0,0
2022年7月22日,苏州,二手房,261,125,34,7,0.206,1,7,4,1,1,0,0
2022年7月22日,苏州,新房,261,125,1,0,0,0,,,,0,0,0
2022年7月22日,太原,二手房,32,24,1,1,1,0,1,,,0,0,0
2022年7月22日,太原,租房,32,24,2,1,0.5,0,7,,,0,0,0
2022年7月22日,天津,二手房,87,44,7,0,0,1,,,,0,0,0
2022年7月22日,天津,新房,87,44,2,2,1,1,,,,0,0,0
2022年7月22日,无锡,二手房,43,19,1,0,0,0,,,,0,0,0
2022年7月22日,无锡,租房,43,19,1,0,0,0,,,,0,0,0
2022年7月22日,武汉,二手房,18,15,2,1,0.5,2,,,,0,0,0
2022年7月22日,武汉,租房,18,15,1,1,1,1,,,,0,0,0
2022年7月22日,西安咸阳,二手房,54,27,2,1,0.5,1,1,,,0,0,0
2022年7月22日,西安咸阳,租房,54,27,1,1,1,0,,,,0,0,0
2022年7月22日,郑州,二手房,60,10,6,3,0.5,0,,,,0,0,0
2022年7月22日,郑州,租房,60,10,2,0,0,0,,,,0,0,0
2022年7月23日,北京,二手房,529,224,31,13,0.419,3,17,17,,0,0,0
2022年7月23日,北京,新房,529,224,6,3,0.5,1,1,,,0,0,0
2022年7月23日,北京,租房,529,224,18,11,0.611,2,13,8,1,0,1,0
2022年7月23日,成都,二手房,29,23,1,1,1,0,,,,0,0,0
2022年7月23日,东莞,二手房,45,11,5,4,0.8,1,,,,0,0,0
2022年7月23日,杭州,租房,71,64,1,0,0,0,2,7,,0,0,0
2022年7月23日,临汾,二手房,29,15,7,3,0.429,0,,,,0,0,0
2022年7月23日,临沂,二手房,108,55,6,5,0.833,1,,,,0,0,0
2022年7月23日,南京,租房,49,43,5,4,0.8,3,5,2,,0,0,0
2022年7月23日,青岛,二手房,12,11,4,4,1,2,,,,0,0,0
2022年7月23日,上海,二手房,115,80,3,1,0.333,1,1,,,0,0,0
2022年7月23日,苏州,二手房,66,51,4,1,0.25,0,,,1,1,0,0
2022年7月23日,苏州,租房,66,51,1,0,0,1,,,,0,0,0
2022年7月23日,太原,租房,21,21,1,0,0,0,,,,0,0,0
2022年7月23日,天津,二手房,49,21,4,0,0,1,,,,0,0,0
2022年7月23日,无锡,新房,6,5,1,0,0,0,,,,0,0,0
2022年7月23日,郑州,二手房,218,18,2,0,0,0,,,,0,0,0
2022年7月23日,郑州,新房,218,18,2,0,0,0,,,,0,0,0
2022年7月23日,郑州,租房,218,18,10,2,0.2,1,,,,0,0,0
2022年7月24日,北京,二手房,916,582,92,81,0.88,77,74,10,,0,0,0
2022年7月24日,北京,新房,916,582,7,6,0.857,4,8,,,0,0,0
2022年7月24日,北京,租房,916,582,22,16,0.727,6,20,16,,0,0,0
2022年7月24日,东莞,二手房,30,16,1,1,1,1,,,,0,0,0
2022年7月24日,杭州,新房,92,78,1,0,0,0,,,,0,0,0
2022年7月24日,杭州,租房,92,78,1,0,0,0,1,,,0,0,0
2022年7月24日,青岛,二手房,13,6,1,0,0,1,,,,0,0,0
2022年7月24日,上海,租房,128,84,2,0,0,0,,,,0,0,0
2022年7月24日,苏州,二手房,76,39,2,1,0.5,1,,,,0,0,0
2022年7月24日,太原,二手房,189,92,2,1,0.5,0,2,,,0,0,0
2022年7月24日,太原,新房,189,92,3,0,0,0,1,,,0,0,0
2022年7月24日,太原,租房,189,92,29,9,0.31,2,11,4,3,2,1,0
2022年7月24日,天津,二手房,46,29,1,0,0,1,,,,0,0,0
2022年7月24日,武汉,租房,14,9,1,1,1,1,,,,0,0,0
2022年7月24日,郑州,二手房,73,29,2,0,0,2,,,,0,0,0
2022年7月24日,郑州,新房,73,29,2,0,0,1,,,,0,0,0
2022年7月24日,郑州,租房,73,29,4,3,0.75,1,,,,0,0,0
2022年7月25日,北京,二手房,1367,820,122,90,0.738,65,83,,,0,0,0
2022年7月25日,北京,新房,1367,820,6,3,0.5,2,4,,,0,0,0
2022年7月25日,北京,租房,1367,820,24,18,0.75,8,22,9,,0,0,0
2022年7月25日,成都,二手房,82,23,3,1,0.333,1,1,,,0,0,0
2022年7月25日,成都,租房,82,23,4,2,0.5,0,,,,0,0,0
2022年7月25日,东莞,二手房,69,37,7,6,0.857,6,,,,0,0,0
2022年7月25日,东莞,租房,69,37,1,1,1,1,,,,0,0,0
2022年7月25日,杭州,二手房,126,102,3,0,0,0,,,,0,0,0
2022年7月25日,杭州,租房,126,102,1,0,0,0,1,,,0,0,0
2022年7月25日,临沂,二手房,22,7,2,2,1,1,,,,0,0,0
2022年7月25日,南昌,二手房,23,6,1,1,1,0,1,,,0,0,0
2022年7月25日,南京,二手房,77,69,5,4,0.8,3,6,3,,0,0,0
2022年7月25日,南京,新房,77,69,2,2,1,1,3,,,0,0,0
2022年7月25日,南京,租房,77,69,4,4,1,1,3,,,0,0,0
2022年7月25日,青岛,二手房,91,21,11,9,0.818,7,1,1,,0,0,0
2022年7月25日,青岛,租房,91,21,2,2,1,1,,,,0,0,0
2022年7月25日,上海,二手房,144,70,1,1,1,0,,,,0,0,0
2022年7月25日,上海,租房,144,70,2,0,0,0,,,,0,0,0
2022年7月25日,苏州,二手房,79,51,3,3,1,2,2,1,,0,0,0
2022年7月25日,太原,二手房,104,51,3,1,0.333,1,,,1,1,0,0
2022年7月25日,太原,租房,104,51,7,0,0,0,8,6,,0,0,0
2022年7月25日,天津,二手房,119,53,13,4,0.308,2,1,1,,0,0,0
2022年7月25日,天津,租房,119,53,1,0,0,0,,,,0,0,0
2022年7月25日,无锡,二手房,12,7,2,2,1,1,,,,0,0,0
2022年7月25日,无锡,租房,12,7,1,0,0,0,,,,0,0,0
2022年7月25日,郑州,二手房,23,14,1,1,1,1,,,,0,0,0
2022年7月26日,北京,二手房,4227,2789,523,382,0.73,134,340,1,,0,0,0
2022年7月26日,北京,新房,4227,2789,21,18,0.857,7,12,,,0,0,0
2022年7月26日,北京,租房,4227,2789,56,38,0.679,12,37,29,1,0,1,0
2022年7月26日,成都,二手房,85,52,1,1,1,1,,,,0,0,0
2022年7月26日,赤峰,二手房,30,11,1,0,0,0,,,,0,0,0
2022年7月26日,东莞,二手房,204,98,9,9,1,0,,,,0,0,0
2022年7月26日,杭州,二手房,277,191,19,0,0,1,1,2,,0,0,0
2022年7月26日,杭州,租房,277,191,10,0,0,0,13,16,,0,0,0
2022年7月26日,临汾,二手房,79,34,9,5,0.556,6,2,1,,0,0,0
2022年7月26日,临汾,租房,79,34,1,1,1,0,,,,0,0,0
2022年7月26日,临沂,二手房,46,24,5,0,0,0,,,,0,0,0
2022年7月26日,南昌,二手房,59,29,3,2,0.667,0,2,,,0,0,0
2022年7月26日,南京,二手房,47,44,3,3,1,0,3,6,,0,0,0
2022年7月26日,南京,租房,47,44,2,1,0.5,1,2,1,1,0,1,0
2022年7月26日,青岛,二手房,108,38,4,2,0.5,1,,,,0,0,0
2022年7月26日,上海,二手房,206,128,7,6,0.857,1,1,,,0,0,0
2022年7月26日,上海,租房,206,128,5,1,0.2,1,1,,,0,0,0
2022年7月26日,苏州,二手房,112,76,6,4,0.667,5,2,,1,0,0,1
2022年7月26日,苏州,租房,112,76,2,1,0.5,0,,,,0,0,0
2022年7月26日,太原,二手房,259,107,18,8,0.444,2,6,3,,0,0,0
2022年7月26日,太原,租房,259,107,5,0,0,1,1,1,1,0,1,0
2022年7月26日,天津,二手房,245,119,15,5,0.333,2,,,,0,0,0
2022年7月26日,天津,新房,245,119,1,0,0,0,,,,0,0,0
2022年7月26日,天津,租房,245,119,3,1,0.333,1,,,,0,0,0
2022年7月26日,无锡,二手房,33,14,1,0,0,0,,,,0,0,0
2022年7月26日,无锡,租房,33,14,1,1,1,1,,,,0,0,0
2022年7月26日,武汉,二手房,70,36,8,8,1,7,1,,,0,0,0
2022年7月26日,西安咸阳,二手房,26,11,1,1,1,0,1,,,0,0,0
2022年7月26日,郑州,二手房,83,41,6,3,0.5,2,,,,0,0,0
2022年7月26日,郑州,新房,83,41,1,1,1,1,,,,0,0,0
2022年7月27日,北京,二手房,5959,3585,647,533,0.824,317,455,,,0,0,0
2022年7月27日,北京,新房,5959,3585,77,60,0.779,38,47,,,0,0,0
2022年7月27日,北京,租房,5959,3585,89,72,0.809,38,38,2,,0,0,0
2022年7月27日,常州,二手房,27,13,3,2,0.667,1,,,,0,0,0
2022年7月27日,成都,二手房,149,61,6,3,0.5,2,1,,,0,0,0
2022年7月27日,东莞,二手房,499,153,17,14,0.824,8,,,,0,0,0
2022年7月27日,东莞,租房,499,153,1,1,1,1,,,,0,0,0
2022年7月27日,杭州,二手房,203,139,6,0,0,2,1,,,0,0,0
2022年7月27日,杭州,租房,203,139,6,0,0,0,2,6,1,0,1,0
2022年7月27日,临汾,二手房,44,14,1,0,0,0,,,,0,0,0
2022年7月27日,南昌,二手房,102,33,3,1,0.333,2,1,,,0,0,0
2022年7月27日,南京,租房,61,44,2,1,0.5,0,1,1,,0,0,0
2022年7月27日,青岛,二手房,72,25,7,5,0.714,3,,,,0,0,0
2022年7月27日,青岛,租房,72,25,1,1,1,1,,,,0,0,0
2022年7月27日,上海,二手房,157,92,4,3,0.75,0,1,,,0,0,0
2022年7月27日,上海,租房,157,92,2,2,1,0,,,,0,0,0
2022年7月27日,苏州,二手房,117,67,3,2,0.667,0,1,,,0,0,0
2022年7月27日,苏州,新房,117,67,1,1,1,0,,,,0,0,0
2022年7月27日,太原,二手房,99,42,2,2,1,2,,,,0,0,0
2022年7月27日,太原,租房,99,42,2,1,0.5,0,4,3,,0,0,0
2022年7月27日,天津,二手房,189,84,9,6,0.667,5,,,,0,0,0
2022年7月27日,天津,租房,189,84,2,2,1,1,1,,,0,0,0
2022年7月27日,无锡,二手房,22,12,1,1,1,1,,,,0,0,0
2022年7月27日,武汉,二手房,69,23,1,1,1,1,,,,0,0,0
2022年7月27日,武汉,租房,69,23,2,2,1,1,14,8,,0,0,0
2022年7月27日,郑州,二手房,143,51,5,5,1,2,,,,0,0,0
2022年7月27日,郑州,租房,143,51,2,0,0,0,,,,0,0,0
2022年7月28日,北京,二手房,3604,2134,386,329,0.852,208,286,,,0,0,0
2022年7月28日,北京,新房,3604,2134,14,11,0.786,9,8,,,0,0,0
2022年7月28日,北京,租房,3604,2134,46,40,0.87,20,43,21,2,0,2,0
2022年7月28日,常州,二手房,20,5,2,2,1,2,1,8,,0,0,0
2022年7月28日,常州,新房,20,5,1,1,1,1,,,,0,0,0
2022年7月28日,成都,二手房,118,48,4,1,0.25,2,,,,0,0,0
2022年7月28日,赤峰,二手房,7,2,1,1,1,1,,,,0,0,0
2022年7月28日,东莞,二手房,120,58,4,4,1,2,,,,0,0,0
2022年7月28日,杭州,二手房,157,117,4,0,0,0,,,,0,0,0
2022年7月28日,杭州,租房,157,117,10,0,0,5,12,26,2,0,2,0
2022年7月28日,呼和浩特,二手房,18,5,1,1,1,0,,,,0,0,0
2022年7月28日,临汾,二手房,73,21,2,2,1,1,,,,0,0,0
2022年7月28日,临沂,二手房,33,11,3,2,0.667,3,,,,0,0,0
2022年7月28日,南昌,二手房,49,24,3,2,0.667,0,2,,,0,0,0
2022年7月28日,南昌,租房,49,24,1,0,0,0,,,,0,0,0
2022年7月28日,南京,租房,30,28,1,1,1,0,1,,,0,0,0
2022年7月28日,青岛,二手房,59,25,2,1,0.5,1,,,,0,0,0
2022年7月28日,上海,二手房,145,96,3,3,1,3,1,,,0,0,0
2022年7月28日,苏州,二手房,134,70,3,2,0.667,1,1,,,0,0,0
2022年7月28日,苏州,租房,134,70,1,1,1,0,1,,,0,0,0
2022年7月28日,太原,二手房,107,45,2,2,1,0,3,,,0,0,0
2022年7月28日,太原,租房,107,45,2,2,1,1,5,5,,0,0,0
2022年7月28日,天津,二手房,190,82,5,4,0.8,0,1,,,0,0,0
2022年7月28日,天津,租房,190,82,2,2,1,1,3,,,0,0,0
2022年7月28日,无锡,二手房,17,8,1,1,1,0,,,,0,0,0
2022年7月28日,无锡,租房,17,8,1,1,1,0,,,,0,0,0
2022年7月28日,郑州,二手房,22,10,1,1,1,0,,,,0,0,0
2022年7月29日,北京,二手房,2947,1884,439,412,0.938,318,297,1,,0,0,0
2022年7月29日,北京,新房,2947,1884,26,0,0,18,,,,0,0,0
2022年7月29日,北京,租房,2947,1884,38,34,0.895,23,30,24,1,0,1,0
2022年7月29日,成都,二手房,81,41,2,2,1,2,,,,0,0,0
2022年7月29日,东莞,二手房,217,85,8,8,1,5,,,,0,0,0
2022年7月29日,杭州,二手房,80,66,1,0,0,0,1,,,0,0,0
2022年7月29日,临沂,二手房,5,5,1,1,1,0,,,,0,0,0
2022年7月29日,南昌,二手房,37,22,1,1,1,0,1,,,0,0,0
2022年7月29日,南京,二手房,56,37,2,2,1,2,1,,,0,0,0
2022年7月29日,南京,租房,56,37,2,2,1,0,2,,,0,0,0
2022年7月29日,青岛,二手房,32,18,2,2,1,2,,,,0,0,0
2022年7月29日,上海,二手房,114,76,1,1,1,0,,,,0,0,0
2022年7月29日,上海,租房,114,76,1,1,1,0,,,,0,0,0
2022年7月29日,苏州,二手房,145,77,4,4,1,1,1,,,0,0,0
2022年7月29日,太原,二手房,54,26,1,1,1,1,,,,0,0,0
2022年7月29日,太原,租房,54,26,2,1,0.5,0,,,,0,0,0
2022年7月29日,天津,二手房,58,41,3,1,0.333,0,1,1,,0,0,0
2022年7月29日,天津,新房,58,41,1,0,0,1,,,,0,0,0
2022年7月29日,西安咸阳,二手房,5,3,1,1,1,1,1,,,0,0,0
2022年7月29日,郑州,二手房,80,25,3,3,1,2,,,,0,0,0
2022年7月30日,北京,二手房,7948,4107,779,740,0.95,652,516,6,,0,0,0
2022年7月30日,北京,新房,7948,4107,84,0,0,77,1,,,0,0,0
2022年7月30日,北京,租房,7948,4107,87,85,0.977,73,84,19,5,0,5,0
2022年7月30日,常州,二手房,18,9,1,1,1,1,,,,0,0,0
2022年7月30日,成都,二手房,326,90,12,12,1,10,,,,0,0,0
2022年7月30日,成都,租房,326,90,2,2,1,2,,,,0,0,0
2022年7月30日,东莞,二手房,592,163,14,14,1,12,,,,0,0,0
2022年7月30日,东莞,租房,592,163,9,9,1,3,,,,0,0,0
2022年7月30日,杭州,二手房,331,136,5,0,0,3,1,,,0,0,0
2022年7月30日,杭州,租房,331,136,5,0,0,5,3,1,,0,0,0
2022年7月30日,临汾,二手房,36,20,2,2,1,2,1,,,0,0,0
2022年7月30日,临沂,二手房,57,13,2,2,1,2,,,,0,0,0
2022年7月30日,南昌,二手房,126,29,2,2,1,0,2,,,0,0,0
2022年7月30日,南昌,新房,126,29,1,0,0,1,,,,0,0,0
2022年7月30日,南京,二手房,187,36,2,2,1,1,4,6,,0,0,0
2022年7月30日,南京,新房,187,36,1,0,0,1,1,1,,0,0,0
2022年7月30日,南京,租房,187,36,2,2,1,0,1,,,0,0,0
2022年7月30日,青岛,二手房,111,20,3,3,1,2,,,,0,0,0
2022年7月30日,上海,二手房,455,141,24,23,0.958,20,6,,,0,0,0
2022年7月30日,上海,新房,455,141,1,0,0,1,,,,0,0,0
2022年7月30日,上海,租房,455,141,3,3,1,3,,,,0,0,0
2022年7月30日,苏州,二手房,197,97,6,6,1,5,4,,1,1,0,0
2022年7月30日,苏州,租房,197,97,1,0,0,0,,,,0,0,0
2022年7月30日,太原,二手房,39,21,2,2,1,2,1,,,0,0,0
2022年7月30日,太原,租房,39,21,1,1,1,1,,,,0,0,0
2022年7月30日,天津,二手房,319,102,13,11,0.846,6,1,2,,0,0,0
2022年7月30日,天津,租房,319,102,2,2,1,1,,,,0,0,0
2022年7月30日,无锡,二手房,34,14,1,1,1,1,,,,0,0,0
2022年7月30日,武汉,二手房,125,34,3,3,1,3,,,,0,0,0
2022年7月30日,武汉,租房,125,34,1,1,1,1,,,,0,0,0
2022年7月30日,西安咸阳,二手房,51,17,3,3,1,3,2,,,0,0,0
2022年7月30日,郑州,二手房,178,39,3,3,1,2,,,,0,0,0
2022年7月30日,郑州,新房,178,39,2,0,0,2,,,,0,0,0
2022年7月30日,郑州,租房,178,39,1,0,0,0,,,,0,0,0
2022年7月31日,北京,二手房,5921,3700,644,573,0.89,424,386,7,2,1,1,0
2022年7月31日,北京,新房,5921,3700,49,0,0,35,,,,0,0,0
2022年7月31日,北京,租房,5921,3700,68,64,0.941,44,33,17,1,0,1,0
2022年7月31日,常州,二手房,18,4,1,1,1,1,,,,0,0,0
2022年7月31日,成都,二手房,176,66,2,2,1,2,,,,0,0,0
2022年7月31日,东莞,二手房,398,144,13,11,0.846,7,,,,0,0,0
2022年7月31日,东莞,租房,398,144,3,3,1,1,,,,0,0,0
2022年7月31日,杭州,二手房,196,107,3,0,0,3,,,,0,0,0
2022年7月31日,杭州,租房,196,107,2,0,0,0,,,,0,0,0
2022年7月31日,临汾,二手房,47,27,4,4,1,4,,,,0,0,0
2022年7月31日,临沂,租房,37,12,1,1,1,1,,,,0,0,0
2022年7月31日,南昌,二手房,38,18,1,1,1,1,2,,,0,0,0
2022年7月31日,南京,二手房,87,50,5,4,0.8,4,3,6,,0,0,0
2022年7月31日,南京,租房,87,50,2,2,1,2,5,,,0,0,0
2022年7月31日,青岛,二手房,141,55,4,3,0.75,3,,,,0,0,0
2022年7月31日,青岛,租房,141,55,1,1,1,0,,,,0,0,0
2022年7月31日,上海,租房,188,103,1,1,1,1,,,,0,0,0
2022年7月31日,苏州,二手房,250,97,5,5,1,5,1,,,0,0,0
2022年7月31日,苏州,新房,250,97,2,0,0,2,,1,1,0,0,1
2022年7月31日,太原,二手房,130,57,6,6,1,2,13,9,,0,0,0
2022年7月31日,太原,新房,130,57,1,0,0,0,,,,0,0,0
2022年7月31日,太原,租房,130,57,2,2,1,1,1,1,,0,0,0
2022年7月31日,天津,二手房,175,70,4,2,0.5,2,,,,0,0,0
2022年7月31日,天津,新房,175,70,1,0,0,0,,,,0,0,0
2022年7月31日,天津,租房,175,70,2,1,0.5,0,4,2,,0,0,0
2022年7月31日,无锡,二手房,54,32,7,7,1,6,1,,,0,0,0
2022年7月31日,武汉,二手房,106,34,6,5,0.833,3,,,,0,0,0
2022年7月31日,西安咸阳,二手房,57,11,3,3,1,2,,,,0,0,0
2022年7月31日,郑州,二手房,47,22,2,2,1,1,,,,0,0,0
2022年7月31日,郑州,新房,47,22,1,0,0,1,,,,0,0,0
2022年8月1日,北京,二手房,2422,1608,238,214,0.899,163,152,,,0,0,0
2022年8月1日,北京,新房,2422,1608,25,0,0,21,,,,0,0,0
2022年8月1日,北京,租房,2422,1608,31,30,0.968,26,10,,,0,0,0
2022年8月1日,成都,二手房,128,43,3,3,1,3,,,,0,0,0
2022年8月1日,东莞,二手房,220,91,10,10,1,6,1,,,0,0,0
2022年8月1日,东莞,租房,220,91,2,2,1,0,,,,0,0,0
2022年8月1日,杭州,租房,116,72,1,0,0,0,2,2,1,0,1,0
2022年8月1日,临汾,二手房,17,11,3,3,1,3,,,,0,0,0
2022年8月1日,临沂,租房,1,1,1,1,1,1,,,,0,0,0
2022年8月1日,南昌,二手房,40,17,2,2,1,2,2,,,0,0,0
2022年8月1日,南京,二手房,43,39,1,1,1,1,1,,,0,0,0
2022年8月1日,青岛,二手房,29,18,2,2,1,2,,,,0,0,0
2022年8月1日,上海,二手房,131,83,1,1,1,1,3,,,0,0,0
2022年8月1日,苏州,二手房,81,52,1,1,1,1,,,,0,0,0
2022年8月1日,太原,租房,46,32,1,0,0,0,,,,0,0,0
2022年8月1日,天津,二手房,69,44,3,3,1,0,,,,0,0,0
2022年8月1日,天津,新房,69,44,1,0,0,0,,,,0,0,0
2022年8月1日,天津,租房,69,44,1,1,1,0,,,,0,0,0
2022年8月1日,无锡,租房,8,7,1,1,1,1,4,1,1,0,1,0
2022年8月1日,武汉,二手房,44,22,2,2,1,2,,,,0,0,0
2022年8月1日,武汉,租房,44,22,2,2,1,2,,,,0,0,0
2022年8月1日,西安咸阳,二手房,48,13,3,3,1,2,,,,0,0,0
2022年8月1日,郑州,二手房,44,18,3,2,0.667,3,,,,0,0,0
2022年8月2日,北京,二手房,1441,846,98,93,0.949,80,69,4,,0,0,0
2022年8月2日,北京,新房,1441,846,18,0,0,15,,,,0,0,0
2022年8月2日,北京,租房,1441,846,19,19,1,15,11,8,1,0,1,0
2022年8月2日,成都,二手房,99,27,1,1,1,1,,,,0,0,0
2022年8月2日,成都,租房,99,27,1,1,1,0,,,,0,0,0
2022年8月2日,东莞,二手房,71,39,3,3,1,2,,,,0,0,0
2022年8月2日,东莞,租房,71,39,1,0,0,0,,,,0,0,0
2022年8月2日,南昌,二手房,7,5,1,1,1,1,1,,,0,0,0
2022年8月2日,南京,二手房,80,46,2,2,1,2,3,,,0,0,0
2022年8月2日,南京,租房,80,46,1,1,1,1,1,,,0,0,0
2022年8月2日,上海,二手房,137,94,1,0,0,0,,,,0,0,0
2022年8月2日,苏州,二手房,62,51,2,1,0.5,0,,,,0,0,0
2022年8月2日,苏州,新房,62,51,2,0,0,0,4,2,,0,0,0
2022年8月2日,天津,二手房,29,23,3,3,1,0,1,3,1,1,0,0
2022年8月2日,天津,租房,29,23,1,1,1,0,2,5,,0,0,0
2022年8月2日,武汉,二手房,24,16,2,2,1,2,,,,0,0,0
2022年8月2日,西安咸阳,二手房,33,8,1,1,1,0,1,,,0,0,0
2022年8月3日,北京,二手房,270,207,12,11,0.917,8,8,,,0,0,0
2022年8月3日,北京,租房,270,207,7,7,1,2,25,50,4,0,4,0
2022年8月3日,赤峰,二手房,2,2,1,1,1,1,,,,0,0,0
2022年8月3日,东莞,二手房,12,5,2,2,1,2,,,,0,0,0
2022年8月3日,临汾,租房,5,3,1,1,1,0,1,,,0,0,0
2022年8月3日,南京,二手房,35,30,1,1,1,1,2,,,0,0,0
2022年8月3日,南京,租房,35,30,2,2,1,2,7,2,,0,0,0
2022年8月3日,苏州,二手房,57,49,1,1,1,1,5,,,0,0,0
2022年8月3日,太原,租房,35,28,3,2,0.667,0,,1,,0,0,0
2022年8月3日,无锡,二手房,3,3,1,0,0,0,,,,0,0,0
2022年8月4日,北京,二手房,951,517,93,87,0.935,80,72,,,0,0,0
2022年8月4日,北京,新房,951,517,1,0,0,1,,,,0,0,0
2022年8月4日,北京,租房,951,517,6,6,1,2,15,16,,0,0,0
2022年8月4日,成都,二手房,36,22,2,2,1,2,,,,0,0,0
2022年8月4日,东莞,二手房,87,31,5,5,1,4,,,,0,0,0
2022年8月4日,南昌,二手房,35,12,1,1,1,1,1,,,0,0,0
2022年8月4日,南京,二手房,64,38,2,2,1,1,1,,,0,0,0
2022年8月4日,南京,租房,64,38,1,1,1,0,2,,,0,0,0
2022年8月4日,苏州,二手房,70,41,2,2,1,1,2,,,0,0,0
2022年8月4日,武汉,二手房,36,12,1,0,0,0,,,,0,0,0
2022年8月5日,北京,二手房,631,492,68,63,0.926,54,50,,,0,0,0
2022年8月5日,北京,新房,631,492,3,0,0,3,,,,0,0,0
2022年8月5日,北京,租房,631,492,17,16,0.941,10,24,15,2,0,2,0
2022年8月5日,成都,二手房,50,27,1,1,1,1,,,,0,0,0
2022年8月5日,成都,租房,50,27,3,1,0.333,2,,,,0,0,0
2022年8月5日,东莞,二手房,135,37,5,4,0.8,5,,,,0,0,0
2022年8月5日,南京,二手房,26,20,1,1,1,0,1,,,0,0,0
2022年8月5日,上海,二手房,114,77,3,3,1,1,,,,0,0,0
2022年8月5日,上海,租房,114,77,1,1,1,0,1,,1,0,1,0
2022年8月5日,太原,二手房,237,151,21,12,0.571,10,8,2,1,0,1,0
2022年8月5日,太原,新房,237,151,1,0,0,0,,,,0,0,0
2022年8月5日,太原,租房,237,151,15,10,0.667,7,19,12,2,0,2,0
2022年8月5日,无锡,二手房,4,3,1,1,1,0,,,,0,0,0
2022年8月6日,北京,二手房,1323,702,134,121,0.903,119,101,,,0,0,0
2022年8月6日,北京,新房,1323,702,7,0,0,6,,,,0,0,0
2022年8月6日,北京,租房,1323,702,16,14,0.875,8,20,28,,0,0,0
2022年8月6日,成都,二手房,102,46,7,7,1,7,,,,0,0,0
2022年8月6日,成都,租房,102,46,1,1,1,1,,,,0,0,0
2022年8月6日,东莞,二手房,101,22,4,4,1,4,,,,0,0,0
2022年8月6日,东莞,租房,101,22,2,2,1,2,,,,0,0,0
2022年8月6日,杭州,二手房,91,77,1,0,0,0,,,,0,0,0
2022年8月6日,杭州,租房,91,77,1,0,0,0,7,9,1,0,1,0
2022年8月6日,临沂,二手房,16,8,2,2,1,2,,,,0,0,0
2022年8月6日,南京,二手房,25,24,1,1,1,1,3,6,1,0,1,0
2022年8月6日,上海,二手房,124,85,2,0,0,2,,,,0,0,0
2022年8月6日,苏州,二手房,94,56,2,2,1,2,,,,0,0,0
2022年8月6日,苏州,租房,94,56,1,1,1,1,,,,0,0,0
2022年8月6日,太原,二手房,75,56,2,2,1,1,1,,,0,0,0
2022年8月6日,太原,新房,75,56,1,0,0,0,,,,0,0,0
2022年8月6日,太原,租房,75,56,3,2,0.667,1,4,2,,0,0,0
2022年8月6日,天津,二手房,39,22,3,3,1,2,,,,0,0,0
2022年8月6日,无锡,二手房,26,14,3,3,1,3,,,,0,0,0
2022年8月6日,武汉,二手房,38,10,2,2,1,2,,,,0,0,0
2022年8月6日,西安咸阳,二手房,9,1,1,1,1,1,,,,0,0,0
2022年8月6日,郑州,二手房,36,12,4,3,0.75,4,,,,0,0,0
2022年8月7日,北京,二手房,729,401,36,32,0.889,36,24,,,0,0,0
2022年8月7日,北京,新房,729,401,8,0,0,7,,,,0,0,0
2022年8月7日,北京,租房,729,401,11,9,0.818,7,17,6,2,0,2,0
2022年8月7日,成都,二手房,74,44,3,2,0.667,3,,,,0,0,0
2022年8月7日,东莞,二手房,44,17,3,2,0.667,2,,,,0,0,0
2022年8月7日,东莞,租房,44,17,1,1,1,1,,,,0,0,0
2022年8月7日,临沂,二手房,1,1,1,1,1,1,,,,0,0,0
2022年8月7日,南昌,二手房,11,11,1,1,1,1,1,,,0,0,0
2022年8月7日,南京,租房,17,17,1,1,1,0,1,1,,0,0,0
2022年8月7日,上海,租房,87,72,1,1,1,1,2,2,,0,0,0
2022年8月7日,苏州,二手房,68,53,2,1,0.5,1,,,,0,0,0
2022年8月7日,苏州,新房,68,53,1,0,0,1,,,,0,0,0
2022年8月7日,太原,二手房,26,23,2,2,1,1,1,1,,0,0,0
2022年8月7日,太原,新房,26,23,2,0,0,0,,,,0,0,0
2022年8月7日,太原,租房,26,23,1,1,1,0,,,,0,0,0
2022年8月7日,天津,二手房,47,24,3,2,0.667,3,,,,0,0,0
2022年8月7日,天津,新房,47,24,1,0,0,1,,,,0,0,0
2022年8月7日,天津,租房,47,24,1,1,1,0,,,,0,0,0
2022年8月7日,无锡,二手房,7,5,1,0,0,1,,,,0,0,0
2022年8月7日,武汉,租房,56,13,1,0,0,0,,,,0,0,0
2022年8月7日,郑州,二手房,21,11,1,0,0,1,,,,0,0,0
2022年8月7日,郑州,新房,21,11,1,0,0,1,,,,0,0,0
2022年8月8日,北京,二手房,4194,2015,493,438,0.888,424,319,1,,0,0,0
2022年8月8日,北京,新房,4194,2015,41,0,0,35,,,,0,0,0
2022年8月8日,北京,租房,4194,2015,46,44,0.957,37,48,32,,0,0,0
2022年8月8日,成都,二手房,236,83,9,9,1,7,,,,0,0,0
2022年8月8日,成都,租房,236,83,6,6,1,5,,,,0,0,0
2022年8月8日,东莞,二手房,403,129,41,34,0.829,37,,,,0,0,0
2022年8月8日,东莞,租房,403,129,4,2,0.5,4,1,,,0,0,0
2022年8月8日,杭州,二手房,207,102,8,7,0.875,3,2,,,0,0,0
2022年8月8日,杭州,新房,207,102,2,0,0,1,,,,0,0,0
2022年8月8日,杭州,租房,207,102,2,2,1,2,,,,0,0,0
2022年8月8日,临汾,二手房,53,18,3,3,1,3,,,,0,0,0
2022年8月8日,临汾,租房,53,18,1,1,1,1,,,,0,0,0
2022年8月8日,临沂,二手房,14,7,1,0,0,1,,,,0,0,0
2022年8月8日,临沂,租房,14,7,1,1,1,1,,,,0,0,0
2022年8月8日,南昌,二手房,69,26,7,7,1,6,7,,,0,0,0
2022年8月8日,南京,二手房,59,50,4,4,1,1,3,,,0,0,0
2022年8月8日,南京,租房,59,50,2,2,1,1,5,6,1,0,1,0
2022年8月8日,青岛,二手房,134,30,13,10,0.769,10,1,,,0,0,0
2022年8月8日,上海,二手房,204,105,5,5,1,4,1,,,0,0,0
2022年8月8日,上海,租房,204,105,4,3,0.75,4,,,,0,0,0
2022年8月8日,苏州,二手房,93,68,4,3,0.75,3,1,,,0,0,0
2022年8月8日,苏州,租房,93,68,1,1,1,0,1,,,0,0,0
2022年8月8日,太原,二手房,101,71,3,2,0.667,1,1,,,0,0,0
2022年8月8日,太原,租房,101,71,4,2,0.5,0,3,1,,0,0,0
2022年8月8日,天津,二手房,58,23,3,1,0.333,2,,,,0,0,0
2022年8月8日,武汉,二手房,110,27,6,6,1,5,,,,0,0,0
2022年8月8日,西安咸阳,二手房,20,6,1,1,1,1,,,,0,0,0
2022年8月8日,郑州,二手房,154,44,13,10,0.769,12,3,,,0,0,0
2022年8月8日,郑州,新房,154,44,1,0,0,1,1,,,0,0,0
2022年8月8日,郑州,租房,154,44,1,1,1,0,,,,0,0,0
2022年8月9日,北京,二手房,6980,3153,704,659,0.936,627,483,,,0,0,0
2022年8月9日,北京,新房,6980,3153,67,0,0,66,,,,0,0,0
2022年8月9日,北京,租房,6980,3153,42,40,0.952,35,45,35,3,0,3,0
2022年8月9日,常州,二手房,14,5,1,1,1,0,,,,0,0,0
2022年8月9日,成都,二手房,203,89,9,8,0.889,9,,,,0,0,0
2022年8月9日,成都,租房,203,89,2,2,1,2,,,,0,0,0
2022年8月9日,赤峰,二手房,6,3,1,0,0,1,,,,0,0,0
2022年8月9日,东莞,二手房,666,181,24,23,0.958,19,,,,0,0,0
2022年8月9日,东莞,租房,666,181,5,4,0.8,3,,,,0,0,0
2022年8月9日,杭州,二手房,288,112,9,9,1,8,3,,,0,0,0
2022年8月9日,杭州,新房,288,112,2,0,0,2,,,,0,0,0
2022年8月9日,杭州,租房,288,112,1,1,1,1,2,1,,0,0,0
2022年8月9日,临汾,二手房,123,25,2,1,0.5,2,,,,0,0,0
2022年8月9日,临沂,二手房,76,14,1,1,1,0,,,,0,0,0
2022年8月9日,南昌,二手房,117,37,5,5,1,5,5,,,0,0,0
2022年8月9日,南昌,租房,117,37,1,1,1,1,1,,,0,0,0
2022年8月9日,南京,二手房,82,51,2,2,1,2,3,,,0,0,0
2022年8月9日,南京,租房,82,51,4,4,1,2,5,3,1,0,1,0
2022年8月9日,青岛,二手房,122,41,12,8,0.667,10,1,3,,0,0,0
2022年8月9日,上海,二手房,204,115,6,4,0.667,5,1,,,0,0,0
2022年8月9日,上海,租房,204,115,2,2,1,1,,,,0,0,0
2022年8月9日,苏州,二手房,94,61,5,5,1,4,1,,,0,0,0
2022年8月9日,太原,二手房,240,150,26,18,0.692,6,32,37,4,4,0,0
2022年8月9日,太原,租房,240,150,12,8,0.667,6,3,3,,0,0,0
2022年8月9日,天津,二手房,93,50,9,9,1,8,1,,,0,0,0
2022年8月9日,天津,新房,93,50,2,0,0,1,,,,0,0,0
2022年8月9日,天津,租房,93,50,1,1,1,1,,,,0,0,0
2022年8月9日,武汉,二手房,100,35,2,2,1,2,,,,0,0,0
2022年8月9日,西安咸阳,二手房,54,12,1,1,1,1,1,,,0,0,0
2022年8月9日,郑州,二手房,230,61,8,8,1,7,1,,,0,0,0
2022年8月9日,郑州,新房,230,61,3,0,0,3,,,,0,0,0
2022年8月9日,郑州,租房,230,61,1,1,1,1,,,,0,0,0
2022年8月10日,北京,二手房,4534,3099,318,299,0.94,237,210,34,2,0,2,0
2022年8月10日,北京,新房,4534,3099,16,0,0,12,,,,0,0,0
2022年8月10日,北京,租房,4534,3099,57,53,0.93,29,140,154,18,0,18,0
2022年8月10日,常州,二手房,22,17,1,1,1,1,,,,0,0,0
2022年8月10日,成都,二手房,134,105,5,4,0.8,3,,,,0,0,0
2022年8月10日,东莞,二手房,304,171,7,7,1,4,,,,0,0,0
2022年8月10日,东莞,新房,304,171,1,0,0,1,,,,0,0,0
2022年8月10日,杭州,二手房,970,869,7,7,1,6,2,,,0,0,0
2022年8月10日,杭州,租房,970,869,16,15,0.938,6,32,37,5,0,5,0
2022年8月10日,呼和浩特,二手房,28,10,3,3,1,2,,,,0,0,0
2022年8月10日,呼和浩特,租房,28,10,1,1,1,1,,,,0,0,0
2022年8月10日,临汾,二手房,66,28,2,2,1,1,,,,0,0,0
2022年8月10日,临沂,二手房,26,14,4,4,1,3,,,,0,0,0
2022年8月10日,南昌,二手房,63,46,1,1,1,0,1,,,0,0,0
2022年8月10日,南京,二手房,340,297,3,3,1,3,6,6,,0,0,0
2022年8月10日,南京,租房,340,297,8,8,1,4,11,9,1,0,1,0
2022年8月10日,青岛,二手房,132,79,5,3,0.6,3,2,,,0,0,0
2022年8月10日,青岛,租房,132,79,1,1,1,0,1,,,0,0,0
2022年8月10日,上海,二手房,626,501,3,3,1,3,1,,,0,0,0
2022年8月10日,上海,新房,626,501,2,0,0,1,,,,0,0,0
2022年8月10日,上海,租房,626,501,6,5,0.833,4,8,1,1,0,1,0
2022年8月10日,苏州,二手房,269,216,1,1,1,0,,,,0,0,0
2022年8月10日,苏州,新房,269,216,1,0,0,0,,,,0,0,0
2022年8月10日,苏州,租房,269,216,1,1,1,1,,,,0,0,0
2022年8月10日,太原,二手房,339,261,27,16,0.593,8,9,18,3,2,1,0
2022年8月10日,太原,新房,339,261,2,0,0,1,,,,0,0,0
2022年8月10日,太原,租房,339,261,12,10,0.833,6,13,8,3,1,2,0
2022年8月10日,天津,二手房,266,217,5,5,1,3,5,1,1,1,0,0
2022年8月10日,天津,租房,266,217,6,6,1,3,11,8,,0,0,0
2022年8月10日,武汉,二手房,67,49,2,2,1,2,,,,0,0,0
2022年8月10日,西安咸阳,二手房,33,17,1,1,1,1,,,,0,0,0
2022年8月10日,郑州,二手房,252,102,10,7,0.7,7,3,,,0,0,0
2022年8月10日,郑州,租房,252,102,3,3,1,1,,,,0,0,0
2022年8月11日,北京,二手房,4531,3227,314,287,0.914,246,233,70,2,0,2,0
2022年8月11日,北京,新房,4531,3227,14,0,0,12,,,,0,0,0
2022年8月11日,北京,租房,4531,3227,60,57,0.95,34,88,57,4,0,4,0
2022年8月11日,成都,二手房,163,98,2,2,1,2,,,,0,0,0
2022年8月11日,成都,租房,163,98,1,1,1,1,,,,0,0,0
2022年8月11日,东莞,二手房,342,180,14,12,0.857,12,1,,,0,0,0
2022年8月11日,杭州,二手房,1079,952,7,7,1,4,10,,,0,0,0
2022年8月11日,杭州,新房,1079,952,2,0,0,2,,,,0,0,0
2022年8月11日,杭州,租房,1079,952,20,19,0.95,8,36,76,5,0,5,0
2022年8月11日,临沂,二手房,29,12,1,1,1,1,,,,0,0,0
2022年8月11日,南昌,二手房,77,64,1,1,1,1,1,,,0,0,0
2022年8月11日,南昌,新房,77,64,1,0,0,1,,,,0,0,0
2022年8月11日,南京,二手房,302,270,1,1,1,1,1,,,0,0,0
2022年8月11日,南京,租房,302,270,5,5,1,3,9,,,0,0,0
2022年8月11日,青岛,二手房,99,53,2,2,1,1,,,,0,0,0
2022年8月11日,青岛,租房,99,53,1,0,0,1,,,,0,0,0
2022年8月11日,上海,二手房,578,468,7,6,0.857,6,10,,,0,0,0
2022年8月11日,上海,租房,578,468,5,5,1,4,3,1,1,0,1,0
2022年8月11日,苏州,二手房,263,211,3,3,1,1,9,6,,0,0,0
2022年8月11日,苏州,租房,263,211,3,2,0.667,3,,,,0,0,0
2022年8月11日,太原,二手房,229,180,6,4,0.667,2,9,9,,0,0,0
2022年8月11日,太原,新房,229,180,1,0,0,0,,,,0,0,0
2022年8月11日,太原,租房,229,180,9,8,0.889,4,3,4,,0,0,0
2022年8月11日,天津,二手房,228,201,2,2,1,2,,,,0,0,0
2022年8月11日,天津,租房,228,201,2,2,1,2,4,4,,0,0,0
2022年8月11日,无锡,租房,68,58,1,1,1,0,3,1,1,0,0,1
2022年8月11日,武汉,二手房,56,32,1,0,0,1,1,,,0,0,0
2022年8月11日,西安咸阳,二手房,37,28,1,1,1,1,,,,0,0,0
2022年8月11日,西安咸阳,租房,37,28,1,1,1,1,,,,0,0,0
2022年8月11日,郑州,二手房,163,83,5,4,0.8,5,2,,,0,0,0
2022年8月11日,郑州,租房,163,83,1,1,1,0,,,,0,0,0
2022年8月12日,北京,二手房,2676,2111,79,70,0.886,59,66,8,2,0,2,0
2022年8月12日,北京,新房,2676,2111,2,0,0,2,,,,0,0,0
2022年8月12日,北京,租房,2676,2111,34,29,0.853,19,92,54,8,0,8,0
2022年8月12日,常州,租房,17,17,1,1,1,0,1,,,0,0,0
2022年8月12日,成都,二手房,122,81,4,4,1,4,,,,0,0,0
2022年8月12日,成都,租房,122,81,2,2,1,2,,,,0,0,0
2022年8月12日,东莞,二手房,170,98,5,3,0.6,5,,,,0,0,0
2022年8月12日,东莞,新房,170,98,1,0,0,1,,,,0,0,0
2022年8月12日,杭州,二手房,1049,952,11,10,0.909,7,13,27,,0,0,0
2022年8月12日,杭州,租房,1049,952,11,10,0.909,2,17,15,,0,0,0
2022年8月12日,临沂,二手房,31,7,2,1,0.5,2,,,,0,0,0
2022年8月12日,南昌,二手房,82,55,3,3,1,3,3,,,0,0,0
2022年8月12日,南京,二手房,281,258,4,4,1,2,3,,,0,0,0
2022年8月12日,南京,新房,281,258,1,0,0,0,,,,0,0,0
2022年8月12日,南京,租房,281,258,3,3,1,2,6,3,,0,0,0
2022年8月12日,青岛,二手房,51,41,2,2,1,0,,,,0,0,0
2022年8月12日,上海,二手房,580,487,6,6,1,5,13,8,4,0,4,0
2022年8月12日,上海,租房,580,487,8,7,0.875,2,8,5,1,0,1,0
2022年8月12日,苏州,二手房,221,198,5,5,1,1,4,,,0,0,0
2022年8月12日,苏州,新房,221,198,1,0,0,0,,,,0,0,0
2022年8月12日,苏州,租房,221,198,3,2,0.667,2,3,,,0,0,0
2022年8月12日,太原,二手房,183,168,7,5,0.714,5,2,1,,0,0,0
2022年8月12日,太原,新房,183,168,3,0,0,0,,,,0,0,0
2022年8月12日,太原,租房,183,168,5,5,1,1,4,2,,0,0,0
2022年8月12日,天津,二手房,230,198,2,2,1,0,,,,0,0,0
2022年8月12日,天津,新房,230,198,2,0,0,1,,,,0,0,0
2022年8月12日,天津,租房,230,198,3,3,1,0,6,4,,0,0,0
2022年8月12日,无锡,二手房,61,55,1,1,1,1,4,34,,0,0,0
2022年8月12日,武汉,二手房,45,39,1,1,1,1,,,,0,0,0
2022年8月12日,西安咸阳,二手房,38,23,1,1,1,1,,,,0,0,0
2022年8月12日,西安咸阳,租房,38,23,2,2,1,1,,,,0,0,0
2022年8月12日,郑州,二手房,71,56,4,3,0.75,4,,,,0,0,0
2022年8月13日,北京,二手房,2330,2029,28,21,0.75,16,37,14,3,1,2,0
2022年8月13日,北京,新房,2330,2029,1,0,0,1,,,,0,0,0
2022年8月13日,北京,租房,2330,2029,25,23,0.92,9,52,41,3,0,3,0
2022年8月13日,成都,二手房,139,66,9,7,0.778,8,,,,0,0,0
2022年8月13日,东莞,二手房,121,101,3,3,1,2,,,,0,0,0
2022年8月13日,东莞,租房,121,101,1,0,0,0,,,,0,0,0
2022年8月13日,杭州,二手房,1037,973,1,1,1,1,1,,1,0,1,0
2022年8月13日,杭州,租房,1037,973,8,8,1,4,8,9,2,0,2,0
2022年8月13日,呼和浩特,二手房,17,6,2,2,1,2,,,,0,0,0
2022年8月13日,南京,二手房,383,344,1,1,1,0,1,6,,0,0,0
2022年8月13日,南京,新房,383,344,1,0,0,0,,,,0,0,0
2022年8月13日,南京,租房,383,344,8,8,1,5,18,18,5,0,5,0
2022年8月13日,青岛,租房,51,48,1,1,1,1,,,,0,0,0
2022年8月13日,上海,二手房,605,523,12,12,1,8,34,27,1,0,1,0
2022年8月13日,上海,租房,605,523,4,4,1,4,5,2,1,0,1,0
2022年8月13日,苏州,二手房,207,194,1,1,1,0,,,,0,0,0
2022年8月13日,苏州,租房,207,194,1,1,1,1,,,,0,0,0
2022年8月13日,太原,二手房,201,184,6,6,1,3,9,10,,0,0,0
2022年8月13日,太原,租房,201,184,2,2,1,1,,,,0,0,0
2022年8月13日,天津,二手房,215,192,2,2,1,1,,,,0,0,0
2022年8月13日,天津,租房,215,192,2,2,1,1,2,,,0,0,0
2022年8月13日,无锡,二手房,57,51,1,0,0,1,,,,0,0,0
2022年8月13日,无锡,租房,57,51,2,2,1,0,,,,0,0,0
2022年8月13日,西安咸阳,租房,17,14,1,1,1,0,1,,,0,0,0
2022年8月13日,郑州,租房,64,52,2,2,1,2,2,2,,0,0,0
2022年8月14日,北京,二手房,2391,2034,33,26,0.788,22,39,15,3,3,0,0
2022年8月14日,北京,租房,2391,2034,42,41,0.976,20,145,133,15,0,15,0
2022年8月14日,常州,二手房,11,10,1,1,1,1,,,,0,0,0
2022年8月14日,成都,二手房,117,83,2,2,1,2,1,,,0,0,0
2022年8月14日,成都,租房,117,83,1,1,1,1,,,,0,0,0
2022年8月14日,东莞,二手房,104,90,1,1,1,1,,,,0,0,0
2022年8月14日,东莞,租房,104,90,1,0,0,0,,,,0,0,0
2022年8月14日,杭州,二手房,1122,1068,6,5,0.833,3,4,3,,0,0,0
2022年8月14日,杭州,新房,1122,1068,3,0,0,0,3,1,,0,0,0
2022年8月14日,杭州,租房,1122,1068,7,7,1,4,22,16,,0,0,0
2022年8月14日,临汾,二手房,15,15,1,1,1,0,,,,0,0,0
2022年8月14日,临沂,租房,16,12,1,1,1,1,,,,0,0,0
2022年8月14日,南京,二手房,328,312,3,3,1,1,2,,,0,0,0
2022年8月14日,南京,租房,328,312,3,3,1,2,4,2,,0,0,0
2022年8月14日,上海,二手房,561,497,3,2,0.667,1,2,2,,0,0,0
2022年8月14日,上海,租房,561,497,7,6,0.857,4,10,6,2,0,2,0
2022年8月14日,苏州,二手房,228,204,2,2,1,0,2,1,,0,0,0
2022年8月14日,苏州,新房,228,204,1,0,0,0,,,,0,0,0
2022年8月14日,苏州,租房,228,204,1,1,1,1,,,,0,0,0
2022年8月14日,太原,二手房,234,182,6,5,0.833,4,4,6,,0,0,0
2022年8月14日,太原,租房,234,182,3,3,1,2,1,,,0,0,0
2022年8月14日,天津,二手房,229,210,3,3,1,2,1,,,0,0,0
2022年8月14日,天津,新房,229,210,1,0,0,0,,,,0,0,0
2022年8月14日,天津,租房,229,210,2,2,1,2,2,1,,0,0,0
2022年8月15日,北京,二手房,2204,1885,43,40,0.93,32,50,50,2,0,2,0
2022年8月15日,北京,租房,2204,1885,31,31,1,15,49,43,4,0,4,0
2022年8月15日,常州,二手房,17,13,2,2,1,2,,,,0,0,0
2022年8月15日,常州,新房,17,13,1,0,0,1,,,,0,0,0
2022年8月15日,常州,租房,17,13,1,1,1,1,,,,0,0,0
2022年8月15日,成都,二手房,132,82,2,2,1,1,,,,0,0,0
2022年8月15日,东莞,二手房,90,76,3,2,0.667,3,1,,,0,0,0
2022年8月15日,杭州,二手房,1062,1002,6,5,0.833,3,7,18,,0,0,0
2022年8月15日,杭州,租房,1062,1002,10,10,1,4,15,7,1,0,1,0
2022年8月15日,临汾,二手房,25,22,1,1,1,1,,,,0,0,0
2022年8月15日,南昌,新房,57,55,1,0,0,1,,,,0,0,0
2022年8月15日,南昌,租房,57,55,1,1,1,1,1,,,0,0,0
2022年8月15日,南京,二手房,317,275,3,3,1,1,2,1,,0,0,0
2022年8月15日,南京,租房,317,275,3,3,1,2,12,1,1,0,1,0
2022年8月15日,上海,二手房,573,503,4,3,0.75,3,2,2,,0,0,0
2022年8月15日,上海,新房,573,503,1,0,0,0,,,,0,0,0
2022年8月15日,上海,租房,573,503,6,5,0.833,5,12,7,,0,0,0
2022年8月15日,太原,二手房,210,189,5,5,1,1,11,3,,0,0,0
2022年8月15日,太原,租房,210,189,5,5,1,3,6,5,,0,0,0
2022年8月15日,天津,二手房,234,208,1,1,1,0,,,,0,0,0
2022年8月15日,天津,新房,234,208,1,0,0,1,,,,0,0,0
2022年8月15日,天津,租房,234,208,6,6,1,3,6,3,1,0,1,0
2022年8月15日,武汉,二手房,51,37,1,1,1,1,,,,0,0,0
2022年8月15日,武汉,租房,51,37,1,1,1,1,1,1,,0,0,0
2022年8月15日,西安咸阳,租房,21,21,1,1,1,1,2,2,,0,0,0
2022年8月15日,郑州,二手房,53,50,1,1,1,1,,,,0,0,0
2022年8月16日,北京,二手房,2206,1864,38,27,0.711,29,30,10,,0,0,0
2022年8月16日,北京,新房,2206,1864,4,0,0,2,2,,,0,0,0
2022年8月16日,北京,租房,2206,1864,31,30,0.968,11,94,78,2,0,2,0
2022年8月16日,成都,二手房,92,72,1,1,1,1,,,,0,0,0
2022年8月16日,成都,新房,92,72,2,0,0,2,,,,0,0,0
2022年8月16日,赤峰,租房,2,2,1,0,0,1,,,,0,0,0
2022年8月16日,东莞,二手房,111,102,1,1,1,1,,,,0,0,0
2022年8月16日,杭州,二手房,1028,948,4,4,1,2,5,14,1,0,1,0
2022年8月16日,杭州,租房,1028,948,8,8,1,5,22,8,2,0,2,0
2022年8月16日,临汾,租房,28,24,1,1,1,1,,,,0,0,0
2022年8月16日,南昌,二手房,61,47,4,4,1,1,4,,,0,0,0
2022年8月16日,南昌,新房,61,47,1,0,0,0,,,,0,0,0
2022年8月16日,青岛,二手房,53,42,2,2,1,2,,,,0,0,0
2022年8月16日,上海,二手房,588,519,8,8,1,5,11,15,,0,0,0
2022年8月16日,上海,租房,588,519,5,3,0.6,1,2,1,2,0,2,0
2022年8月16日,苏州,二手房,272,238,9,9,1,3,3,,3,3,0,0
2022年8月16日,苏州,租房,272,238,1,1,1,1,,,,0,0,0
2022年8月16日,太原,二手房,191,172,2,1,0.5,0,,,,0,0,0
2022年8月16日,太原,租房,191,172,6,5,0.833,3,5,7,4,0,4,0
2022年8月16日,天津,租房,215,204,4,2,0.5,4,3,,,0,0,0
2022年8月16日,无锡,租房,65,61,1,1,1,1,,,,0,0,0
2022年8月16日,武汉,二手房,60,41,2,2,1,2,,,,0,0,0
2022年8月16日,西安咸阳,二手房,13,13,1,1,1,0,,,,0,0,0
2022年8月16日,郑州,二手房,53,38,1,1,1,0,1,,,0,0,0
2022年8月17日,北京,二手房,2785,2004,178,169,0.949,158,163,28,,0,0,0
2022年8月17日,北京,新房,2785,2004,13,0,0,12,3,,,0,0,0
2022年8月17日,北京,租房,2785,2004,40,39,0.975,26,76,63,6,0,6,0
2022年8月17日,成都,二手房,80,64,1,1,1,1,,,,0,0,0
2022年8月17日,东莞,二手房,162,92,7,4,0.571,7,,,,0,0,0
2022年8月17日,东莞,新房,162,92,2,0,0,2,,,,0,0,0
2022年8月17日,杭州,二手房,872,776,5,5,1,3,12,27,1,1,0,0
2022年8月17日,杭州,租房,872,776,8,8,1,3,8,15,2,0,2,0
2022年8月17日,呼和浩特,租房,7,6,1,1,1,1,,,,0,0,0
2022年8月17日,临沂,二手房,42,5,2,2,1,2,,,,0,0,0
2022年8月17日,南昌,二手房,150,46,5,5,1,5,7,,,0,0,0
2022年8月17日,南昌,新房,150,46,1,0,0,1,,,,0,0,0
2022年8月17日,南京,二手房,227,211,3,3,1,0,3,,,0,0,0
2022年8月17日,南京,租房,227,211,3,3,1,3,4,2,3,0,3,0
2022年8月17日,上海,二手房,415,357,4,3,0.75,2,3,1,,0,0,0
2022年8月17日,上海,新房,415,357,1,0,0,1,,,,0,0,0
2022年8月17日,上海,租房,415,357,9,8,0.889,5,6,3,2,0,2,0
2022年8月17日,苏州,二手房,246,185,4,4,1,3,,,,0,0,0
2022年8月17日,苏州,新房,246,185,2,0,0,0,2,1,,0,0,0
2022年8月17日,苏州,租房,246,185,2,1,0.5,1,,,,0,0,0
2022年8月17日,太原,二手房,154,136,5,3,0.6,1,4,4,,0,0,0
2022年8月17日,太原,租房,154,136,1,1,1,0,,,,0,0,0
2022年8月17日,天津,二手房,187,167,4,4,1,3,,,,0,0,0
2022年8月17日,天津,租房,187,167,1,1,1,1,1,1,,0,0,0
2022年8月17日,无锡,二手房,48,43,1,1,1,0,,,,0,0,0
2022年8月17日,无锡,租房,48,43,1,0,0,1,,,,0,0,0
2022年8月17日,武汉,二手房,42,30,5,5,1,5,,,,0,0,0
2022年8月17日,西安咸阳,二手房,9,9,1,1,1,1,,,,0,0,0
2022年8月17日,郑州,二手房,173,57,3,3,1,3,2,,,0,0,0
2022年8月17日,郑州,租房,173,57,2,2,1,2,,,,0,0,0
2022年8月18日,北京,二手房,2295,1989,55,43,0.782,43,63,35,2,2,0,0
2022年8月18日,北京,新房,2295,1989,5,0,0,4,1,,,0,0,0
2022年8月18日,北京,租房,2295,1989,26,23,0.885,12,108,49,3,0,3,0
2022年8月18日,成都,二手房,124,97,5,5,1,5,,,,0,0,0
2022年8月18日,东莞,二手房,102,80,2,2,1,2,,,,0,0,0
2022年8月18日,东莞,租房,102,80,1,1,1,1,,,,0,0,0
2022年8月18日,杭州,二手房,985,914,5,5,1,3,2,16,,0,0,0
2022年8月18日,杭州,租房,985,914,7,7,1,5,11,12,1,0,1,0
2022年8月18日,临汾,租房,12,12,1,1,1,1,,,,0,0,0
2022年8月18日,南昌,二手房,50,45,2,2,1,1,2,,,0,0,0
2022年8月18日,南京,二手房,319,269,6,6,1,2,7,3,,0,0,0
2022年8月18日,南京,租房,319,269,5,4,0.8,3,9,8,,0,0,0
2022年8月18日,青岛,二手房,59,41,1,1,1,1,,,,0,0,0
2022年8月18日,青岛,租房,59,41,1,1,1,1,,,,0,0,0
2022年8月18日,上海,二手房,517,472,2,2,1,1,,,,0,0,0
2022年8月18日,上海,租房,517,472,4,4,1,3,,,,0,0,0
2022年8月18日,苏州,二手房,204,182,2,2,1,1,,,,0,0,0
2022年8月18日,苏州,租房,204,182,2,2,1,2,1,,,0,0,0
2022年8月18日,太原,二手房,171,144,2,2,1,1,,,,0,0,0
2022年8月18日,天津,二手房,264,220,3,2,0.667,2,1,1,,0,0,0
2022年8月18日,天津,新房,264,220,2,0,0,1,,,,0,0,0
2022年8月18日,天津,租房,264,220,2,2,1,2,2,1,,0,0,0
2022年8月18日,无锡,二手房,81,76,1,0,0,1,,,,0,0,0
2022年8月18日,武汉,二手房,57,39,1,1,1,1,,,,0,0,0
2022年8月18日,西安咸阳,租房,18,14,1,1,1,1,1,,,0,0,0
2022年8月18日,郑州,二手房,51,43,1,1,1,1,,,,0,0,0
2022年8月19日,北京,二手房,2074,1861,26,23,0.885,20,51,37,,0,0,0
2022年8月19日,北京,租房,2074,1861,32,31,0.969,15,75,97,1,0,1,0
2022年8月19日,成都,二手房,97,80,1,1,1,1,,,,0,0,0
2022年8月19日,杭州,二手房,1042,941,3,2,0.667,1,1,,,0,0,0
2022年8月19日,杭州,新房,1042,941,3,0,0,2,,,,0,0,0
2022年8月19日,杭州,租房,1042,941,12,12,1,10,22,23,2,0,2,0
2022年8月19日,呼和浩特,二手房,8,2,1,1,1,1,,,,0,0,0
2022年8月19日,临汾,二手房,28,19,2,2,1,1,2,2,,0,0,0
2022年8月19日,临汾,租房,28,19,1,1,1,0,,,,0,0,0
2022年8月19日,临沂,二手房,6,6,1,1,1,1,,,,0,0,0
2022年8月19日,南昌,二手房,59,50,1,1,1,1,1,,,0,0,0
2022年8月19日,南京,二手房,304,277,1,1,1,0,1,,,0,0,0
2022年8月19日,南京,租房,304,277,5,4,0.8,1,9,3,,0,0,0
2022年8月19日,上海,二手房,520,476,1,1,1,1,1,,,0,0,0
2022年8月19日,上海,租房,520,476,1,1,1,1,1,2,,0,0,0
2022年8月19日,苏州,二手房,232,214,4,2,0.5,1,,,,0,0,0
2022年8月19日,苏州,租房,232,214,2,2,1,1,5,,1,0,1,0
2022年8月19日,太原,二手房,162,149,4,3,0.75,3,,,,0,0,0
2022年8月19日,太原,租房,162,149,3,2,0.667,2,4,1,,0,0,0
2022年8月19日,天津,二手房,209,182,4,4,1,4,2,,,0,0,0
2022年8月19日,天津,新房,209,182,1,0,0,0,,,,0,0,0
2022年8月19日,无锡,二手房,67,60,1,1,1,1,,,,0,0,0
2022年8月19日,无锡,租房,67,60,1,1,1,1,,,,0,0,0
2022年8月19日,武汉,二手房,55,35,1,1,1,1,,,,0,0,0
2022年8月19日,西安咸阳,租房,20,18,1,1,1,1,1,,,0,0,0
2022年8月19日,郑州,二手房,73,52,2,2,1,2,,,,0,0,0
2022年8月20日,北京,二手房,2302,1979,40,31,0.775,32,38,2,,0,0,0
2022年8月20日,北京,新房,2302,1979,2,0,0,2,,,,0,0,0
2022年8月20日,北京,租房,2302,1979,39,37,0.949,24,108,44,5,0,5,0
2022年8月20日,成都,二手房,88,70,1,1,1,1,,,,0,0,0
2022年8月20日,东莞,二手房,93,77,1,0,0,0,,,,0,0,0
2022年8月20日,杭州,二手房,1064,987,3,3,1,0,8,5,,0,0,0
2022年8月20日,杭州,租房,1064,987,8,8,1,6,16,13,1,0,1,0
2022年8月20日,临汾,二手房,17,15,1,1,1,0,,,,0,0,0
2022年8月20日,南京,二手房,298,283,3,3,1,2,3,,,0,0,0
2022年8月20日,南京,租房,298,283,2,2,1,2,9,1,,0,0,0
2022年8月20日,青岛,二手房,40,37,2,2,1,1,,,,0,0,0
2022年8月20日,上海,二手房,575,514,5,5,1,3,6,8,1,1,0,0
2022年8月20日,上海,租房,575,514,5,5,1,3,15,8,1,0,1,0
2022年8月20日,苏州,二手房,241,218,2,2,1,0,1,,,0,0,0
2022年8月20日,苏州,租房,241,218,1,1,1,0,,,,0,0,0
2022年8月20日,太原,二手房,160,153,5,4,0.8,2,1,1,,0,0,0
2022年8月20日,太原,租房,160,153,1,0,0,1,,,,0,0,0
2022年8月20日,天津,二手房,226,204,2,2,1,1,,1,,0,0,0
2022年8月20日,天津,租房,226,204,1,1,1,1,,,,0,0,0
2022年8月20日,无锡,二手房,60,60,1,1,1,0,1,5,,0,0,0
2022年8月20日,武汉,二手房,90,39,4,2,0.5,4,,,,0,0,0
2022年8月20日,郑州,二手房,67,56,1,1,1,1,3,4,,0,0,0
2022年8月20日,郑州,新房,67,56,1,0,0,1,,,,0,0,0
2022年8月21日,北京,二手房,4579,2628,189,169,0.894,176,150,,,0,0,0
2022年8月21日,北京,新房,4579,2628,2,0,0,1,,,,0,0,0
2022年8月21日,北京,租房,4579,2628,41,41,1,17,98,86,6,0,6,0
2022年8月21日,成都,二手房,112,80,2,2,1,2,,,,0,0,0
2022年8月21日,成都,新房,112,80,1,0,0,1,,,,0,0,0
2022年8月21日,东莞,二手房,118,82,4,4,1,3,,,,0,0,0
2022年8月21日,杭州,二手房,1156,1072,8,8,1,4,9,34,,0,0,0
2022年8月21日,杭州,新房,1156,1072,3,0,0,3,,,,0,0,0
2022年8月21日,杭州,租房,1156,1072,8,7,0.875,3,12,14,2,0,2,0
2022年8月21日,临汾,二手房,69,33,8,8,1,2,2,1,,0,0,0
2022年8月21日,临汾,租房,69,33,1,1,1,0,,,,0,0,0
2022年8月21日,南昌,租房,64,55,1,1,1,0,2,,,0,0,0
2022年8月21日,南京,二手房,322,300,4,4,1,1,5,,,0,0,0
2022年8月21日,南京,租房,322,300,2,2,1,2,4,2,,0,0,0
2022年8月21日,上海,二手房,606,509,4,4,1,1,,,,0,0,0
2022年8月21日,上海,租房,606,509,7,6,0.857,4,1,,,0,0,0
2022年8月21日,苏州,二手房,244,215,4,4,1,1,,,,0,0,0
2022年8月21日,太原,二手房,251,214,5,5,1,4,9,7,,0,0,0
2022年8月21日,太原,租房,251,214,7,4,0.571,2,15,6,2,0,2,0
2022年8月21日,天津,二手房,313,256,6,4,0.667,4,1,,,0,0,0
2022年8月21日,天津,租房,313,256,3,1,0.333,1,2,1,1,0,1,0
2022年8月21日,无锡,二手房,87,75,1,1,1,0,1,,,0,0,0
2022年8月21日,无锡,租房,87,75,2,1,0.5,1,,,,0,0,0
2022年8月21日,武汉,二手房,47,34,2,2,1,2,,,,0,0,0
2022年8月21日,西安咸阳,租房,20,18,1,1,1,1,,,,0,0,0
2022年8月21日,郑州,二手房,62,42,3,3,1,3,1,,,0,0,0
2022年8月22日,北京,二手房,2204,1877,35,34,0.971,26,57,29,3,1,2,0
2022年8月22日,北京,新房,2204,1877,1,0,0,1,,,,0,0,0
2022年8月22日,北京,租房,2204,1877,33,32,0.97,14,83,64,6,0,6,0
2022年8月22日,成都,二手房,113,90,8,7,0.875,7,,,,0,0,0
2022年8月22日,东莞,二手房,133,95,9,8,0.889,8,2,,,0,0,0
2022年8月22日,东莞,新房,133,95,1,0,0,0,,,,0,0,0
2022年8月22日,杭州,二手房,1118,1010,9,8,0.889,4,7,14,,0,0,0
2022年8月22日,杭州,新房,1118,1010,1,0,0,1,,,,0,0,0
2022年8月22日,杭州,租房,1118,1010,8,8,1,4,8,9,,0,0,0
2022年8月22日,临汾,二手房,50,34,9,9,1,5,,,,0,0,0
2022年8月22日,临汾,租房,50,34,1,1,1,0,,,,0,0,0
2022年8月22日,南昌,租房,48,45,1,1,1,0,1,,,0,0,0
2022年8月22日,南京,二手房,307,284,2,2,1,1,6,,,0,0,0
2022年8月22日,南京,租房,307,284,3,3,1,3,5,6,,0,0,0
2022年8月22日,青岛,租房,35,33,1,1,1,1,,,,0,0,0
2022年8月22日,上海,二手房,468,419,2,2,1,2,1,,,0,0,0
2022年8月22日,上海,租房,468,419,1,1,1,0,,,,0,0,0
2022年8月22日,苏州,二手房,242,227,4,1,0.25,1,1,,1,1,0,0
2022年8月22日,苏州,新房,242,227,1,0,0,0,,,,0,0,0
2022年8月22日,苏州,租房,242,227,2,2,1,1,,,,0,0,0
2022年8月22日,太原,二手房,258,213,7,4,0.571,2,6,4,1,1,0,0
2022年8月22日,太原,租房,258,213,25,13,0.52,5,10,3,,0,0,0
2022年8月22日,天津,二手房,254,199,8,8,1,4,1,2,1,0,1,0
2022年8月22日,天津,租房,254,199,2,2,1,2,2,3,,0,0,0
2022年8月22日,无锡,二手房,82,76,3,3,1,3,2,,,0,0,0
2022年8月22日,无锡,租房,82,76,1,1,1,1,,,,0,0,0
2022年8月22日,武汉,租房,51,41,1,1,1,1,,,,0,0,0
2022年8月22日,西安咸阳,二手房,19,15,2,2,1,2,3,2,,0,0,0
2022年8月22日,郑州,二手房,94,51,2,2,1,2,,,,0,0,0
2022年8月22日,郑州,新房,94,51,1,0,0,1,,,,0,0,0
2022年8月22日,郑州,租房,94,51,1,1,1,1,,,,0,0,0
2022年8月23日,北京,二手房,2223,1934,21,19,0.905,12,22,17,,0,0,0
2022年8月23日,北京,新房,2223,1934,3,0,0,3,,,,0,0,0
2022年8月23日,北京,租房,2223,1934,28,27,0.964,12,58,32,4,0,4,0
2022年8月23日,成都,租房,101,79,1,1,1,1,,,,0,0,0
2022年8月23日,东莞,二手房,139,100,3,3,1,3,1,,,0,0,0
2022年8月23日,东莞,新房,139,100,1,0,0,1,,,,0,0,0
2022年8月23日,杭州,二手房,1038,972,5,5,1,4,16,3,,0,0,0
2022年8月23日,杭州,租房,1038,972,4,4,1,4,9,19,2,0,2,0
2022年8月23日,南京,二手房,331,289,5,5,1,4,18,2,,0,0,0
2022年8月23日,南京,新房,331,289,1,0,0,1,,,,0,0,0
2022年8月23日,南京,租房,331,289,3,3,1,1,2,,,0,0,0
2022年8月23日,青岛,二手房,34,32,1,1,1,0,,,,0,0,0
2022年8月23日,上海,二手房,517,474,5,5,1,3,1,,,0,0,0
2022年8月23日,上海,租房,517,474,4,4,1,3,,,,0,0,0
2022年8月23日,苏州,租房,240,212,3,3,1,2,,,,0,0,0
2022年8月23日,太原,二手房,294,237,21,12,0.571,7,4,2,,0,0,0
2022年8月23日,太原,租房,294,237,11,4,0.364,0,1,1,1,0,1,0
2022年8月23日,天津,二手房,234,211,2,2,1,0,,,,0,0,0
2022年8月23日,天津,新房,234,211,1,0,0,0,,,,0,0,0
2022年8月23日,天津,租房,234,211,1,1,1,0,1,2,1,0,1,0
2022年8月23日,无锡,二手房,54,47,1,1,1,0,,,,0,0,0
2022年8月23日,武汉,二手房,50,43,2,2,1,1,1,,,0,0,0
2022年8月23日,武汉,租房,50,43,1,1,1,1,,,,0,0,0
2022年8月23日,郑州,二手房,58,45,1,0,0,0,,,,0,0,0
2022年8月24日,北京,二手房,2107,1835,15,15,1,6,54,1,2,2,0,0
2022年8月24日,北京,新房,2107,1835,1,0,0,1,,,,0,0,0
2022年8月24日,北京,租房,2107,1835,23,21,0.913,8,44,55,4,0,4,0
2022年8月24日,成都,二手房,97,83,1,1,1,0,,,,0,0,0
2022年8月24日,东莞,二手房,109,98,3,3,1,2,,,,0,0,0
2022年8月24日,杭州,二手房,1000,934,4,4,1,2,16,42,,0,0,0
2022年8月24日,杭州,租房,1000,934,1473,8,0.005,10,56,24,2,0,2,0
2022年8月24日,南京,二手房,319,288,2,2,1,1,2,,,0,0,0
2022年8月24日,南京,租房,319,288,3,3,1,3,5,4,,0,0,0
2022年8月24日,上海,二手房,483,436,6,6,1,5,4,2,,0,0,0
2022年8月24日,上海,新房,483,436,1,0,0,0,,,,0,0,0
2022年8月24日,上海,租房,483,436,5,4,0.8,4,1,,,0,0,0
2022年8月24日,苏州,二手房,303,247,9,9,1,6,,1,1,1,0,0
2022年8月24日,苏州,新房,303,247,1,0,0,0,,,,0,0,0
2022年8月24日,苏州,租房,303,247,2,2,1,1,1,,,0,0,0
2022年8月24日,太原,二手房,277,241,15,9,0.6,2,14,13,3,3,0,0
2022年8月24日,太原,租房,277,241,8,8,1,5,20,16,1,0,1,0
2022年8月24日,天津,二手房,223,203,5,5,1,4,1,2,,0,0,0
2022年8月24日,天津,租房,223,203,2,1,0.5,1,,,,0,0,0
2022年8月24日,无锡,二手房,60,55,1,1,1,0,,,,0,0,0
2022年8月24日,无锡,租房,60,55,1,1,1,1,1,,,0,0,0
2022年8月24日,西安咸阳,二手房,9,8,1,1,1,0,1,,,0,0,0
2022年8月25日,北京,二手房,1998,1767,10,10,1,5,14,2,2,1,1,0
2022年8月25日,北京,租房,1998,1767,30,28,0.933,14,99,124,4,0,4,0
2022年8月25日,成都,二手房,98,79,1,1,1,1,,,,0,0,0
2022年8月25日,东莞,二手房,115,96,2,2,1,2,,,,0,0,0
2022年8月25日,东莞,租房,115,96,1,1,1,1,,,,0,0,0
2022年8月25日,杭州,二手房,996,925,2,1,0.5,1,13,14,,0,0,0
2022年8月25日,杭州,新房,996,925,1,0,0,0,,,,0,0,0
2022年8月25日,杭州,租房,996,925,3041,10,0.003,5,215,31,1,0,1,0
2022年8月25日,临汾,二手房,21,18,5,5,1,0,1,,,0,0,0
2022年8月25日,上海,二手房,527,455,4,1,0.25,4,1,,,0,0,0
2022年8月25日,上海,租房,527,455,7,6,0.857,5,15,7,1,0,1,0
2022年8月25日,苏州,二手房,189,174,1,1,1,1,,,,0,0,0
2022年8月25日,太原,二手房,220,191,6,4,0.667,3,1,1,,0,0,0
2022年8月25日,太原,新房,220,191,1,0,0,1,,,,0,0,0
2022年8月25日,太原,租房,220,191,5,4,0.8,2,4,2,2,0,2,0
2022年8月25日,天津,二手房,260,231,4,2,0.5,0,,,,0,0,0
2022年8月25日,天津,租房,260,231,4,3,0.75,2,1,1,,0,0,0
2022年8月25日,无锡,二手房,48,44,3,2,0.667,0,1,,,0,0,0
2022年8月25日,无锡,租房,48,44,1,1,1,0,,,,0,0,0
2022年8月25日,西安咸阳,租房,20,20,1,1,1,1,,,,0,0,0
2022年8月25日,郑州,租房,50,47,1,1,1,0,,,,0,0,0
2022年8月26日,北京,二手房,1865,1686,15,14,0.933,6,29,27,,0,0,0
2022年8月26日,北京,新房,1865,1686,2,0,0,2,,,,0,0,0
2022年8月26日,北京,租房,1865,1686,18,17,0.944,8,50,58,1,0,1,0
2022年8月26日,赤峰,二手房,2,1,1,1,1,1,,,,0,0,0
2022年8月26日,东莞,二手房,80,70,1,1,1,0,,,,0,0,0
2022年8月26日,杭州,二手房,968,902,6,6,1,3,10,27,,0,0,0
2022年8月26日,杭州,新房,968,902,1,0,0,0,,,,0,0,0
2022年8月26日,杭州,租房,968,902,2436,4,0.002,4,221,22,1,0,1,0
2022年8月26日,呼和浩特,租房,11,9,1,1,1,1,,,,0,0,0
2022年8月26日,临汾,租房,15,15,1,1,1,1,,,,0,0,0
2022年8月26日,临沂,二手房,7,4,1,1,1,1,,,,0,0,0
2022年8月26日,南昌,二手房,44,41,1,1,1,1,1,,,0,0,0
2022年8月26日,南昌,新房,44,41,1,0,0,1,1,2,,0,0,0
2022年8月26日,南京,二手房,233,219,1,1,1,1,2,,,0,0,0
2022年8月26日,南京,租房,233,219,1,1,1,0,4,,,0,0,0
2022年8月26日,青岛,二手房,40,35,1,1,1,1,,,,0,0,0
2022年8月26日,上海,二手房,482,421,3,3,1,3,2,,,0,0,0
2022年8月26日,上海,新房,482,421,2,0,0,2,1,,,0,0,0
2022年8月26日,苏州,二手房,226,198,5,3,0.6,1,,,,0,0,0
2022年8月26日,太原,二手房,163,148,3,2,0.667,2,4,4,,0,0,0
2022年8月26日,太原,租房,163,148,4,4,1,4,3,3,,0,0,0
2022年8月26日,天津,二手房,278,240,3,2,0.667,1,1,,,0,0,0
2022年8月26日,天津,租房,278,240,3,2,0.667,3,2,2,1,0,1,0
2022年8月26日,无锡,租房,52,45,1,1,1,0,,,,0,0,0
2022年8月26日,西安咸阳,租房,12,12,1,1,1,0,,,,0,0,0
2022年8月27日,北京,二手房,2001,1803,14,11,0.786,8,14,2,1,1,0,0
2022年8月27日,北京,新房,2001,1803,1,0,0,0,,,,0,0,0
2022年8月27日,北京,租房,2001,1803,20,19,0.95,9,45,32,4,0,4,0
2022年8月27日,成都,二手房,91,83,1,1,1,1,,,,0,0,0
2022年8月27日,杭州,二手房,1025,963,1,1,1,1,4,,,0,0,0
2022年8月27日,杭州,新房,1025,963,1,0,0,1,,,,0,0,0
2022年8月27日,杭州,租房,1025,963,11,10,0.909,5,6,7,,0,0,0
2022年8月27日,呼和浩特,二手房,11,11,1,1,1,0,1,,,0,0,0
2022年8月27日,南京,二手房,284,262,2,2,1,2,2,2,,0,0,0
2022年8月27日,南京,租房,284,262,2,2,1,2,2,1,,0,0,0
2022年8月27日,青岛,二手房,40,37,1,1,1,1,,,,0,0,0
2022年8月27日,上海,二手房,554,498,1,1,1,1,,,,0,0,0
2022年8月27日,上海,租房,554,498,6,6,1,4,13,9,4,0,4,0
2022年8月27日,苏州,二手房,238,211,3,3,1,3,,,,0,0,0
2022年8月27日,苏州,新房,238,211,1,0,0,1,,,,0,0,0
2022年8月27日,苏州,租房,238,211,1,1,1,1,,,,0,0,0
2022年8月27日,太原,二手房,162,147,3,2,0.667,1,,,,0,0,0
2022年8月27日,太原,新房,162,147,1,0,0,0,,,,0,0,0
2022年8月27日,太原,租房,162,147,6,6,1,2,2,1,,0,0,0
2022年8月27日,天津,二手房,238,212,2,2,1,1,1,,,0,0,0
2022年8月27日,天津,新房,238,212,1,0,0,0,,,,0,0,0
2022年8月27日,天津,租房,238,212,3,3,1,0,2,3,,0,0,0
2022年8月28日,北京,二手房,1949,1793,11,8,0.727,5,9,5,1,1,0,0
2022年8月28日,北京,新房,1949,1793,2,0,0,1,4,,,0,0,0
2022年8月28日,北京,租房,1949,1793,20,20,1,7,79,39,1,0,1,0
2022年8月28日,东莞,二手房,95,77,1,1,1,1,,,,0,0,0
2022年8月28日,杭州,二手房,1025,957,2,2,1,0,14,,,0,0,0
2022年8月28日,杭州,租房,1025,957,7,7,1,4,15,12,1,0,1,0
2022年8月28日,南京,二手房,258,240,4,4,1,1,4,5,,0,0,0
2022年8月28日,南京,租房,258,240,1,1,1,1,1,1,,0,0,0
2022年8月28日,青岛,二手房,23,23,1,1,1,0,,,,0,0,0
2022年8月28日,上海,二手房,545,476,4,2,0.5,2,2,,,0,0,0
2022年8月28日,上海,租房,545,476,4,4,1,2,7,4,,0,0,0
2022年8月28日,苏州,二手房,197,180,1,0,0,1,,,,0,0,0
2022年8月28日,太原,二手房,265,216,14,9,0.643,3,7,26,,0,0,0
2022年8月28日,太原,租房,265,216,8,6,0.75,6,2,3,,0,0,0
2022年8月28日,天津,二手房,209,194,1,1,1,1,,,,0,0,0
2022年8月28日,天津,新房,209,194,1,0,0,1,,,,0,0,0
2022年8月28日,天津,租房,209,194,1,1,1,0,,,,0,0,0
2022年8月28日,郑州,二手房,54,42,1,1,1,0,,,,0,0,0
2022年8月28日,郑州,租房,54,42,1,1,1,1,,,,0,0,0
2022年8月29日,北京,二手房,1866,1690,9,9,1,3,9,6,,0,0,0
2022年8月29日,北京,新房,1866,1690,3,0,0,3,1,,,0,0,0
2022年8月29日,北京,租房,1866,1690,18,17,0.944,10,37,22,5,0,5,0
2022年8月29日,赤峰,二手房,5,5,1,1,1,0,,,,0,0,0
2022年8月29日,东莞,二手房,91,78,1,1,1,1,,,,0,0,0
2022年8月29日,杭州,二手房,1083,1023,3,3,1,2,,,1,0,1,0
2022年8月29日,杭州,租房,1083,1023,6,6,1,3,10,14,1,0,1,0
2022年8月29日,南昌,二手房,59,56,1,1,1,1,1,,,0,0,0
2022年8月29日,南昌,租房,59,56,1,1,1,0,1,,,0,0,0
2022年8月29日,南京,二手房,320,299,5,5,1,4,6,1,,0,0,0
2022年8月29日,南京,租房,320,299,2,2,1,0,1,,,0,0,0
2022年8月29日,青岛,租房,36,36,2,2,1,2,,,,0,0,0
2022年8月29日,上海,二手房,509,441,3,3,1,3,2,,,0,0,0
2022年8月29日,上海,租房,509,441,4,4,1,2,8,6,1,0,1,0
2022年8月29日,苏州,二手房,194,181,3,3,1,1,,,,0,0,0
2022年8月29日,苏州,租房,194,181,3,3,1,2,1,1,,0,0,0
2022年8月29日,太原,二手房,209,174,4,2,0.5,3,2,4,,0,0,0
2022年8月29日,太原,租房,209,174,8,8,1,5,12,4,1,0,1,0
2022年8月29日,天津,二手房,216,163,4,4,1,2,1,5,,0,0,0
2022年8月29日,天津,新房,216,163,1,0,0,1,,,,0,0,0
2022年8月29日,天津,租房,216,163,3,3,1,3,3,,,0,0,0
2022年8月29日,武汉,二手房,33,27,1,1,1,1,,,,0,0,0
2022年8月29日,西安咸阳,二手房,21,20,1,1,1,1,,,,0,0,0
2022年8月30日,北京,二手房,1888,1653,15,13,0.867,10,12,1,,0,0,0
2022年8月30日,北京,租房,1888,1653,13,13,1,8,23,15,,0,0,0
2022年8月30日,成都,二手房,86,63,1,0,0,1,,,,0,0,0
2022年8月30日,成都,租房,86,63,1,1,1,1,,,,0,0,0
2022年8月30日,杭州,二手房,1038,984,6,6,1,5,8,1,,0,0,0
2022年8月30日,杭州,租房,1038,984,2,2,1,1,1,,,0,0,0
2022年8月30日,南昌,租房,54,49,1,1,1,1,1,,,0,0,0
2022年8月30日,南京,二手房,273,249,2,2,1,0,3,4,,0,0,0
2022年8月30日,南京,租房,273,249,4,4,1,2,4,,,0,0,0
2022年8月30日,青岛,二手房,38,36,1,1,1,1,,,,0,0,0
2022年8月30日,上海,二手房,521,457,9,8,0.889,7,8,1,,0,0,0
2022年8月30日,上海,新房,521,457,1,0,0,1,1,,,0,0,0
2022年8月30日,上海,租房,521,457,4,2,0.5,3,1,,,0,0,0
2022年8月30日,苏州,二手房,240,213,2,2,1,1,,,,0,0,0
2022年8月30日,苏州,新房,240,213,1,0,0,0,,,,0,0,0
2022年8月30日,苏州,租房,240,213,1,1,1,1,2,,,0,0,0
2022年8月30日,太原,二手房,160,142,6,6,1,4,8,17,2,2,0,0
2022年8月30日,太原,租房,160,142,2,2,1,1,,,,0,0,0
2022年8月30日,天津,二手房,227,194,2,1,0.5,0,,,,0,0,0
2022年8月30日,天津,租房,227,194,5,5,1,3,2,,,0,0,0
2022年8月30日,无锡,二手房,60,60,2,2,1,1,1,,,0,0,0
2022年8月30日,西安咸阳,租房,21,17,1,1,1,1,,,,0,0,0
2022年8月30日,郑州,租房,44,39,1,1,1,1,1,,,0,0,0
2022年8月31日,北京,二手房,1908,1701,24,21,0.875,14,36,28,1,1,0,0
2022年8月31日,北京,新房,1908,1701,1,0,0,1,,,,0,0,0
2022年8月31日,北京,租房,1908,1701,19,19,1,7,72,76,3,0,3,0
2022年8月31日,成都,二手房,109,89,1,1,1,1,,,,0,0,0
2022年8月31日,赤峰,二手房,10,8,1,1,1,1,,,,0,0,0
2022年8月31日,东莞,二手房,92,78,2,2,1,2,,,,0,0,0
2022年8月31日,杭州,二手房,942,878,5,4,0.8,2,9,9,1,0,1,0
2022年8月31日,杭州,租房,942,878,6,6,1,2,10,16,1,0,1,0
2022年8月31日,南京,二手房,253,235,2,2,1,0,4,,,0,0,0
2022年8月31日,南京,租房,253,235,2,1,0.5,1,3,,,0,0,0
2022年8月31日,青岛,二手房,41,35,1,1,1,0,,,,0,0,0
2022年8月31日,青岛,租房,41,35,1,1,1,1,,,,0,0,0
2022年8月31日,上海,二手房,535,468,6,6,1,2,,,,0,0,0
2022年8月31日,上海,租房,535,468,5,5,1,4,5,5,,0,0,0
2022年8月31日,苏州,二手房,252,211,3,3,1,2,,,,0,0,0
2022年8月31日,苏州,新房,252,211,1,0,0,1,,,,0,0,0
2022年8月31日,苏州,租房,252,211,5,5,1,4,3,,,0,0,0
2022年8月31日,太原,二手房,191,152,5,5,1,3,14,9,,0,0,0
2022年8月31日,太原,新房,191,152,1,0,0,0,,,,0,0,0
2022年8月31日,太原,租房,191,152,5,4,0.8,4,1,1,,0,0,0
2022年8月31日,天津,二手房,280,224,8,6,0.75,5,35,29,,0,0,0
2022年8月31日,天津,新房,280,224,1,0,0,1,,,,0,0,0
2022年8月31日,天津,租房,280,224,3,3,1,2,2,,,0,0,0
2022年8月31日,无锡,二手房,76,55,1,0,0,1,,,,0,0,0
2022年8月31日,郑州,二手房,60,53,2,1,0.5,1,1,,,0,0,0
2022年9月1日,北京,二手房,1770,1573,8,8,1,4,32,164,,0,0,0
2022年9月1日,北京,新房,1770,1573,2,0,0,0,1,,,0,0,0
2022年9月1日,北京,租房,1770,1573,21,19,0.905,12,55,18,2,0,2,0
2022年9月1日,成都,新房,60,54,1,0,0,1,,,,0,0,0
2022年9月1日,杭州,二手房,938,888,4,4,1,2,19,58,1,1,0,0
2022年9月1日,杭州,租房,938,888,7720,11,0.001,6,9,8,,0,0,0
2022年9月1日,南京,租房,278,262,1,1,1,1,1,,,0,0,0
2022年9月1日,上海,二手房,517,461,1,1,1,0,,1,,0,0,0
2022年9月1日,上海,租房,517,461,4,3,0.75,3,4,3,,0,0,0
2022年9月1日,苏州,二手房,161,142,2,2,1,2,,,,0,0,0
2022年9月1日,太原,二手房,151,135,4,1,0.25,1,8,21,,0,0,0
2022年9月1日,太原,新房,151,135,1,0,0,1,,,,0,0,0
2022年9月1日,太原,租房,151,135,4,4,1,2,1,,,0,0,0
2022年9月1日,天津,二手房,269,201,3,2,0.667,2,3,4,,0,0,0
2022年9月1日,天津,新房,269,201,1,0,0,0,2,,,0,0,0
2022年9月1日,无锡,租房,54,49,2,1,0.5,0,,,,0,0,0
2022年9月1日,郑州,租房,31,29,1,1,1,1,,,,0,0,0
2022年9月2日,北京,二手房,1834,1641,16,15,0.938,7,49,24,1,1,0,0
2022年9月2日,北京,租房,1834,1641,15,15,1,9,38,59,4,0,4,0
2022年9月2日,赤峰,二手房,16,8,1,1,1,0,,,,0,0,0
2022年9月2日,东莞,二手房,67,59,2,2,1,1,,,,0,0,0
2022年9月2日,杭州,二手房,946,875,6,6,1,3,2,,,0,0,0
2022年9月2日,杭州,新房,946,875,1,0,0,1,,,,0,0,0
2022年9月2日,杭州,租房,946,875,5,5,1,2,10,4,1,0,1,0
2022年9月2日,南京,二手房,302,280,2,2,1,0,2,2,,0,0,0
2022年9月2日,南京,新房,302,280,1,0,0,0,,,,0,0,0
2022年9月2日,南京,租房,302,280,7,5,0.714,6,10,1,,0,0,0
2022年9月2日,上海,二手房,501,447,1,1,1,1,,,,0,0,0
2022年9月2日,上海,租房,501,447,2,2,1,1,6,13,,0,0,0
2022年9月2日,苏州,二手房,204,184,1,1,1,0,1,,1,0,1,0
2022年9月2日,苏州,租房,204,184,2,2,1,2,,,,0,0,0
2022年9月2日,太原,二手房,161,142,1,1,1,1,,,,0,0,0
2022年9月2日,太原,租房,161,142,5,4,0.8,4,2,1,,0,0,0
2022年9月2日,天津,二手房,210,186,2,0,0,1,,,,0,0,0
2022年9月2日,天津,租房,210,186,5,5,1,4,7,3,,0,0,0
2022年9月2日,武汉,租房,46,37,1,1,1,1,,,,0,0,0
2022年9月2日,郑州,二手房,40,34,1,1,1,1,1,,,0,0,0
2022年9月3日,北京,二手房,1956,1770,11,10,0.909,5,15,5,1,1,0,0
2022年9月3日,北京,租房,1956,1770,26,25,0.962,14,64,62,3,0,3,0
2022年9月3日,成都,新房,76,65,1,0,0,1,,,,0,0,0
2022年9月3日,成都,租房,76,65,2,2,1,2,,,,0,0,0
2022年9月3日,东莞,租房,83,78,1,1,1,1,,,,0,0,0
2022年9月3日,杭州,二手房,956,891,3,2,0.667,1,,,,0,0,0
2022年9月3日,杭州,新房,956,891,1,0,0,1,,,,0,0,0
2022年9月3日,杭州,租房,956,891,6,6,1,3,4,5,,0,0,0
2022年9月3日,临沂,二手房,6,5,1,1,1,1,,,,0,0,0
2022年9月3日,南京,二手房,295,271,4,4,1,3,4,,,0,0,0
2022年9月3日,南京,租房,295,271,1,1,1,1,2,2,1,0,1,0
2022年9月3日,上海,二手房,597,529,3,3,1,3,1,,,0,0,0
2022年9月3日,上海,租房,597,529,6,6,1,4,4,5,,0,0,0
2022年9月3日,苏州,二手房,188,174,4,3,0.75,1,,,,0,0,0
2022年9月3日,太原,二手房,179,156,2,2,1,0,4,1,,0,0,0
2022年9月3日,太原,租房,179,156,6,6,1,5,10,6,,0,0,0
2022年9月3日,天津,二手房,249,213,1,1,1,1,1,,,0,0,0
2022年9月3日,天津,新房,249,213,1,0,0,1,,,,0,0,0
2022年9月3日,天津,租房,249,213,4,3,0.75,1,2,2,,0,0,0
2022年9月3日,郑州,租房,42,41,1,1,1,1,,,,0,0,0
2022年9月4日,北京,二手房,2045,1875,10,8,0.8,7,11,10,,0,0,0
2022年9月4日,北京,新房,2045,1875,1,0,0,0,,,,0,0,0
2022年9月4日,北京,租房,2045,1875,16,14,0.875,5,22,6,3,0,3,0
2022年9月4日,成都,二手房,68,56,1,1,1,0,,,,0,0,0
2022年9月4日,杭州,二手房,1031,973,4,4,1,3,,,,0,0,0
2022年9月4日,杭州,租房,1031,973,4,4,1,3,,,,0,0,0
2022年9月4日,临沂,二手房,10,9,1,1,1,1,,,,0,0,0
2022年9月4日,南京,二手房,290,270,3,3,1,2,3,,,0,0,0
2022年9月4日,上海,二手房,552,482,1,1,1,1,,,,0,0,0
2022年9月4日,上海,租房,552,482,4,4,1,2,4,4,1,0,1,0
2022年9月4日,太原,二手房,141,132,3,3,1,0,4,4,2,2,0,0
2022年9月4日,天津,二手房,235,195,3,2,0.667,2,,,,0,0,0
2022年9月4日,天津,新房,235,195,1,0,0,0,,,,0,0,0
2022年9月4日,天津,租房,235,195,4,3,0.75,4,2,1,,0,0,0
2022年9月4日,武汉,二手房,38,30,2,2,1,2,,,,0,0,0
2022年9月5日,北京,二手房,1671,1534,11,10,0.909,5,15,3,1,1,0,0
2022年9月5日,北京,新房,1671,1534,1,0,0,1,,,,0,0,0
2022年9月5日,北京,租房,1671,1534,13,12,0.923,8,61,94,2,0,2,0
2022年9月5日,杭州,二手房,993,921,7,7,1,3,5,27,,0,0,0
2022年9月5日,杭州,新房,993,921,1,0,0,0,1,5,,0,0,0
2022年9月5日,杭州,租房,993,921,12,12,1,7,26,53,2,0,2,0
2022年9月5日,临汾,二手房,39,23,8,8,1,0,1,,,0,0,0
2022年9月5日,南昌,新房,52,43,1,0,0,1,,,,0,0,0
2022年9月5日,南京,二手房,346,316,3,2,0.667,1,,,,0,0,0
2022年9月5日,南京,新房,346,316,1,0,0,1,1,,,0,0,0
2022年9月5日,南京,租房,346,316,4,4,1,3,4,,,0,0,0
2022年9月5日,上海,二手房,437,381,2,2,1,2,,,,0,0,0
2022年9月5日,上海,租房,437,381,4,4,1,3,9,7,,0,0,0
2022年9月5日,苏州,新房,206,193,1,0,0,1,,,,0,0,0
2022年9月5日,太原,二手房,153,136,1,1,1,1,4,8,,0,0,0
2022年9月5日,天津,二手房,235,194,6,4,0.667,3,,,,0,0,0
2022年9月5日,天津,新房,235,194,1,0,0,0,,,,0,0,0
2022年9月5日,天津,租房,235,194,5,5,1,4,6,7,,0,0,0
2022年9月5日,无锡,二手房,55,49,1,1,1,1,,,,0,0,0
2022年9月5日,武汉,二手房,35,29,1,1,1,1,,,,0,0,0
2022年9月6日,北京,二手房,1770,1595,13,11,0.846,10,12,,,0,0,0
2022年9月6日,北京,新房,1770,1595,4,0,0,2,,,,0,0,0
2022年9月6日,北京,租房,1770,1595,23,22,0.957,12,48,43,3,0,3,0
2022年9月6日,东莞,二手房,85,76,3,3,1,3,,,,0,0,0
2022年9月6日,杭州,二手房,931,869,4,4,1,2,3,19,1,1,0,0
2022年9月6日,杭州,新房,931,869,1,0,0,1,1,,,0,0,0
2022年9月6日,杭州,租房,931,869,6,6,1,2,38,25,1,0,1,0
2022年9月6日,南昌,租房,47,39,1,1,1,1,1,,,0,0,0
2022年9月6日,南京,二手房,294,259,9,9,1,4,9,7,,0,0,0
2022年9月6日,南京,租房,294,259,4,4,1,2,6,,,0,0,0
2022年9月6日,上海,二手房,494,424,3,3,1,2,3,,,0,0,0
2022年9月6日,上海,租房,494,424,3,3,1,2,1,,,0,0,0
2022年9月6日,苏州,二手房,187,171,3,3,1,2,,,,0,0,0
2022年9月6日,太原,二手房,146,134,1,1,1,1,1,,,0,0,0
2022年9月6日,天津,二手房,242,210,3,3,1,3,,,,0,0,0
2022年9月6日,天津,新房,242,210,1,0,0,1,,,,0,0,0
2022年9月6日,天津,租房,242,210,3,2,0.667,1,1,,,0,0,0
2022年9月6日,无锡,租房,66,62,1,1,1,1,,,,0,0,0
2022年9月6日,武汉,租房,42,35,2,2,1,2,,,,0,0,0
2022年9月7日,北京,二手房,1918,1729,13,12,0.923,7,18,10,3,1,2,0
2022年9月7日,北京,租房,1918,1729,23,23,1,16,56,41,7,0,7,0
2022年9月7日,成都,二手房,85,75,2,2,1,2,,,,0,0,0
2022年9月7日,东莞,二手房,134,100,3,3,1,3,2,,,0,0,0
2022年9月7日,杭州,二手房,903,849,5,5,1,3,8,8,,0,0,0
2022年9月7日,杭州,租房,903,849,5,4,0.8,4,13,9,3,0,3,0
2022年9月7日,临汾,二手房,34,28,3,3,1,0,3,1,,0,0,0
2022年9月7日,南昌,二手房,48,47,1,1,1,1,1,,,0,0,0
2022年9月7日,南京,二手房,279,265,4,4,1,2,4,4,,0,0,0
2022年9月7日,南京,租房,279,265,2,1,0.5,2,1,1,,0,0,0
2022年9月7日,上海,二手房,509,433,5,4,0.8,4,3,4,,0,0,0
2022年9月7日,上海,租房,509,433,4,4,1,1,5,4,,0,0,0
2022年9月7日,苏州,二手房,177,163,2,1,0.5,2,,,,0,0,0
2022年9月7日,苏州,租房,177,163,1,1,1,0,1,1,,0,0,0
2022年9月7日,太原,二手房,127,112,3,2,0.667,2,,,,0,0,0
2022年9月7日,太原,租房,127,112,5,5,1,5,19,11,,0,0,0
2022年9月7日,天津,二手房,285,245,4,3,0.75,3,2,,,0,0,0
2022年9月7日,天津,新房,285,245,1,0,0,1,,,,0,0,0
2022年9月7日,天津,租房,285,245,3,3,1,3,7,4,,0,0,0
2022年9月7日,西安咸阳,二手房,22,21,1,1,1,0,,,,0,0,0
2022年9月7日,郑州,二手房,35,31,1,1,1,1,,,,0,0,0
2022年9月8日,北京,二手房,1495,1354,14,13,0.929,8,21,4,,0,0,0
2022年9月8日,北京,新房,1495,1354,2,0,0,2,,,,0,0,0
2022年9月8日,北京,租房,1495,1354,13,11,0.846,9,26,20,2,0,2,0
2022年9月8日,成都,二手房,58,45,2,1,0.5,2,,,,0,0,0
2022年9月8日,赤峰,二手房,7,4,1,1,1,0,,,,0,0,0
2022年9月8日,东莞,二手房,89,76,3,3,1,2,,,,0,0,0
2022年9月8日,东莞,新房,89,76,1,0,0,1,,,,0,0,0
2022年9月8日,东莞,租房,89,76,1,1,1,0,1,,,0,0,0
2022年9月8日,杭州,二手房,691,656,6,6,1,4,5,4,,0,0,0
2022年9月8日,杭州,新房,691,656,1,0,0,1,,,,0,0,0
2022年9月8日,杭州,租房,691,656,5,4,0.8,2,1,,,0,0,0
2022年9月8日,临汾,二手房,12,12,1,1,1,1,,,,0,0,0
2022年9月8日,南昌,二手房,46,37,1,1,1,1,1,,,0,0,0
2022年9月8日,南京,二手房,185,173,2,1,0.5,0,1,,,0,0,0
2022年9月8日,南京,租房,185,173,4,4,1,2,6,2,2,0,2,0
2022年9月8日,青岛,租房,42,37,1,1,1,1,1,,,0,0,0
2022年9月8日,上海,二手房,386,345,2,2,1,2,1,1,,0,0,0
2022年9月8日,上海,租房,386,345,2,2,1,1,,,,0,0,0
2022年9月8日,苏州,二手房,155,142,4,4,1,2,1,,,0,0,0
2022年9月8日,苏州,新房,155,142,1,0,0,1,,,,0,0,0
2022年9月8日,苏州,租房,155,142,1,1,1,1,,,,0,0,0
2022年9月8日,太原,租房,161,136,3,2,0.667,1,4,5,,0,0,0
2022年9月8日,天津,二手房,303,231,6,4,0.667,2,1,1,1,1,0,0
2022年9月8日,天津,新房,303,231,1,0,0,1,,,,0,0,0
2022年9月8日,天津,租房,303,231,4,4,1,3,1,,,0,0,0
2022年9月8日,无锡,二手房,45,44,1,1,1,1,1,,,0,0,0
2022年9月8日,武汉,租房,25,18,1,1,1,1,,,,0,0,0
2022年9月8日,郑州,二手房,40,38,1,1,1,1,1,,,0,0,0
2022年9月8日,郑州,租房,40,38,1,1,1,1,,,,0,0,0
2022年9月9日,北京,二手房,1397,1244,7,6,0.857,3,5,6,1,1,0,0
2022年9月9日,北京,租房,1397,1244,16,16,1,8,35,19,3,0,3,0
2022年9月9日,常州,二手房,9,9,1,1,1,0,,,,0,0,0
2022年9月9日,常州,新房,9,9,1,0,0,1,,,,0,0,0
2022年9月9日,东莞,二手房,79,61,1,0,0,1,,,,0,0,0
2022年9月9日,杭州,二手房,615,576,4,2,0.5,2,1,1,,0,0,0
2022年9月9日,杭州,租房,615,576,6,6,1,1,7,7,,0,0,0
2022年9月9日,临汾,租房,10,7,1,1,1,1,,,,0,0,0
2022年9月9日,南昌,二手房,43,39,1,0,0,1,,,,0,0,0
2022年9月9日,南京,二手房,208,181,4,4,1,3,4,1,,0,0,0
2022年9月9日,上海,二手房,354,303,4,4,1,3,5,,,0,0,0
2022年9月9日,上海,租房,354,303,3,3,1,3,3,,,0,0,0
2022年9月9日,苏州,二手房,137,120,3,3,1,2,,,,0,0,0
2022年9月9日,太原,租房,115,105,1,1,1,1,,,,0,0,0
2022年9月9日,天津,二手房,219,181,11,9,0.818,7,2,3,,0,0,0
2022年9月9日,天津,新房,219,181,2,0,0,1,,,,0,0,0
2022年9月9日,天津,租房,219,181,5,4,0.8,3,3,1,,0,0,0
2022年9月10日,北京,二手房,1456,1316,7,6,0.857,1,6,4,,0,0,0
2022年9月10日,北京,新房,1456,1316,3,0,0,3,,,,0,0,0
2022年9月10日,北京,租房,1456,1316,9,9,1,6,23,8,,0,0,0
2022年9月10日,东莞,二手房,68,51,1,0,0,1,,,,0,0,0
2022年9月10日,杭州,二手房,669,617,3,3,1,1,1,,,0,0,0
2022年9月10日,杭州,新房,669,617,2,0,0,0,,,,0,0,0
2022年9月10日,杭州,租房,669,617,2,2,1,2,3,,,0,0,0
2022年9月10日,南昌,二手房,38,36,1,1,1,1,1,,,0,0,0
2022年9月10日,南京,二手房,165,150,1,1,1,0,,,,0,0,0
2022年9月10日,南京,租房,165,150,2,1,0.5,1,1,,,0,0,0
2022年9月10日,上海,二手房,415,363,3,3,1,1,1,,,0,0,0
2022年9月10日,上海,租房,415,363,3,2,0.667,2,1,,,0,0,0
2022年9月10日,苏州,二手房,138,129,1,0,0,1,,,,0,0,0
2022年9月10日,太原,二手房,100,80,1,1,1,0,,,,0,0,0
2022年9月10日,太原,租房,100,80,1,0,0,0,,,,0,0,0
2022年9月10日,天津,二手房,220,194,5,5,1,4,,,,0,0,0
2022年9月10日,天津,租房,220,194,2,2,1,1,,,,0,0,0
2022年9月10日,武汉,二手房,30,20,1,1,1,1,,,,0,0,0
2022年9月10日,武汉,租房,30,20,1,1,1,1,,,,0,0,0
2022年9月10日,西安咸阳,二手房,8,8,1,1,1,1,,,,0,0,0
2022年9月10日,郑州,二手房,36,31,1,1,1,1,1,,,0,0,0
2022年9月11日,北京,二手房,1733,1562,12,9,0.75,7,34,10,,0,0,0
2022年9月11日,北京,租房,1733,1562,15,13,0.867,10,38,46,3,0,3,0
2022年9月11日,常州,二手房,13,13,1,1,1,1,,,,0,0,0
2022年9月11日,东莞,二手房,65,54,1,1,1,1,,,,0,0,0
2022年9月11日,东莞,租房,65,54,1,1,1,0,,,,0,0,0
2022年9月11日,杭州,二手房,810,772,3,3,1,1,4,4,,0,0,0
2022年9月11日,杭州,租房,810,772,3,3,1,2,7,4,,0,0,0
2022年9月11日,南昌,二手房,50,43,2,2,1,2,3,,,0,0,0
2022年9月11日,南京,二手房,218,196,3,3,1,0,3,1,,0,0,0
2022年9月11日,南京,新房,218,196,1,0,0,0,,,,0,0,0
2022年9月11日,南京,租房,218,196,2,2,1,2,3,,,0,0,0
2022年9月11日,上海,二手房,457,407,1,1,1,0,2,3,,0,0,0
2022年9月11日,上海,租房,457,407,5,5,1,3,3,2,1,0,1,0
2022年9月11日,苏州,二手房,174,157,3,3,1,3,,,,0,0,0
2022年9月11日,苏州,新房,174,157,2,0,0,2,2,,,0,0,0
2022年9月11日,苏州,租房,174,157,2,2,1,2,1,,,0,0,0
2022年9月11日,太原,二手房,117,106,2,2,1,2,,,,0,0,0
2022年9月11日,太原,新房,117,106,1,0,0,1,,,,0,0,0
2022年9月11日,天津,二手房,218,205,2,2,1,2,,,,0,0,0
2022年9月11日,天津,新房,218,205,1,0,0,0,,,,0,0,0
2022年9月11日,天津,租房,218,205,4,4,1,2,1,3,,0,0,0
2022年9月11日,无锡,新房,61,59,1,0,0,1,,,,0,0,0
2022年9月11日,无锡,租房,61,59,1,1,1,0,,,,0,0,0
2022年9月12日,北京,二手房,1767,1594,6,5,0.833,4,20,10,1,0,1,0
2022年9月12日,北京,新房,1767,1594,2,0,0,1,,,,0,0,0
2022年9月12日,北京,租房,1767,1594,15,15,1,8,50,73,4,0,4,0
2022年9月12日,成都,二手房,46,44,1,0,0,1,,,,0,0,0
2022年9月12日,东莞,二手房,74,60,2,2,1,2,,,,0,0,0
2022年9月12日,杭州,二手房,875,837,5,4,0.8,4,9,15,,0,0,0
2022年9月12日,杭州,租房,875,837,5,5,1,3,4,6,,0,0,0
2022年9月12日,临汾,二手房,22,18,1,1,1,1,1,,,0,0,0
2022年9月12日,南京,二手房,269,247,7,6,0.857,3,6,,,0,0,0
2022年9月12日,南京,新房,269,247,2,0,0,1,,,,0,0,0
2022年9月12日,上海,二手房,460,409,3,2,0.667,3,1,,,0,0,0
2022年9月12日,上海,租房,460,409,3,2,0.667,2,1,,,0,0,0
2022年9月12日,苏州,二手房,163,144,3,3,1,3,,,,0,0,0
2022年9月12日,苏州,租房,163,144,2,2,1,2,,,,0,0,0
2022年9月12日,太原,二手房,153,132,4,4,1,1,1,,,0,0,0
2022年9月12日,太原,租房,153,132,4,4,1,3,7,3,,0,0,0
2022年9月12日,天津,二手房,220,202,1,1,1,1,1,,,0,0,0
2022年9月12日,天津,新房,220,202,1,0,0,0,,,,0,0,0
2022年9月12日,天津,租房,220,202,4,3,0.75,3,5,3,1,0,1,0
2022年9月12日,无锡,租房,45,40,2,1,0.5,1,1,1,,0,0,0
2022年9月12日,武汉,二手房,24,23,2,2,1,2,,,,0,0,0
2022年9月12日,西安咸阳,二手房,20,16,1,1,1,1,,,,0,0,0
2022年9月12日,郑州,二手房,26,25,1,0,0,0,,,,0,0,0
2022年9月13日,北京,二手房,1669,1519,14,13,0.929,5,14,,,0,0,0
2022年9月13日,北京,租房,1669,1519,18,17,0.944,9,37,19,1,0,1,0
2022年9月13日,常州,二手房,12,11,1,0,0,0,,,,0,0,0
2022年9月13日,成都,新房,44,39,1,0,0,1,,,,0,0,0
2022年9月13日,杭州,二手房,917,873,5,5,1,2,4,5,,0,0,0
2022年9月13日,杭州,租房,917,873,10,8,0.8,7,5,1,1,0,1,0
2022年9月13日,南京,二手房,263,246,4,4,1,4,6,2,,0,0,0
2022年9月13日,南京,租房,263,246,3,3,1,2,5,6,2,0,2,0
2022年9月13日,青岛,二手房,39,28,1,1,1,1,,,,0,0,0
2022年9月13日,青岛,租房,39,28,1,1,1,1,,,,0,0,0
2022年9月13日,上海,二手房,407,358,2,2,1,1,,6,,0,0,0
2022年9月13日,上海,租房,407,358,4,4,1,4,2,1,1,0,1,0
2022年9月13日,苏州,二手房,164,154,1,1,1,1,2,2,,0,0,0
2022年9月13日,苏州,租房,164,154,1,1,1,1,,,,0,0,0
2022年9月13日,太原,二手房,157,134,2,1,0.5,0,,1,,0,0,0
2022年9月13日,太原,新房,157,134,1,0,0,1,,,,0,0,0
2022年9月13日,天津,二手房,161,156,1,1,1,1,,,,0,0,0
2022年9月13日,天津,租房,161,156,3,3,1,3,,,,0,0,0
2022年9月13日,郑州,二手房,22,21,1,1,1,1,,,,0,0,0
2022年9月14日,北京,二手房,1766,1615,10,10,1,8,13,3,,0,0,0
2022年9月14日,北京,租房,1766,1615,17,16,0.941,8,29,26,2,0,2,0
2022年9月14日,成都,二手房,60,43,3,3,1,3,,,,0,0,0
2022年9月14日,东莞,二手房,57,44,1,1,1,1,,,,0,0,0
2022年9月14日,杭州,二手房,899,846,3,3,1,0,4,,,0,0,0
2022年9月14日,杭州,租房,899,846,3,3,1,2,4,11,,0,0,0
2022年9月14日,南昌,二手房,39,37,2,2,1,1,2,,,0,0,0
2022年9月14日,南京,二手房,283,263,6,5,0.833,1,23,38,9,0,9,0
2022年9月14日,南京,新房,283,263,1,0,0,1,1,,,0,0,0
2022年9月14日,南京,租房,283,263,6,6,1,4,8,6,2,0,2,0
2022年9月14日,青岛,租房,39,35,1,1,1,1,,,,0,0,0
2022年9月14日,上海,二手房,481,422,3,2,0.667,2,3,,,0,0,0
2022年9月14日,上海,新房,481,422,3,0,0,3,,,,0,0,0
2022年9月14日,上海,租房,481,422,4,4,1,3,1,,,0,0,0
2022年9月14日,太原,二手房,145,130,4,4,1,2,2,,,0,0,0
2022年9月14日,太原,租房,145,130,2,2,1,2,,,,0,0,0
2022年9月14日,天津,二手房,223,189,2,2,1,1,3,3,1,1,0,0
2022年9月14日,天津,租房,223,189,1,1,1,1,,,,0,0,0
2022年9月14日,郑州,二手房,58,42,2,2,1,1,,,,0,0,0
2022年9月14日,郑州,租房,58,42,1,1,1,0,,,,0,0,0
2022年9月15日,北京,二手房,1807,1620,20,18,0.9,10,43,21,1,1,0,0
2022年9月15日,北京,租房,1807,1620,20,20,1,12,34,10,,0,0,0
2022年9月15日,成都,二手房,85,59,3,2,0.667,3,,,,0,0,0
2022年9月15日,赤峰,二手房,9,6,1,0,0,0,,,,0,0,0
2022年9月15日,东莞,二手房,90,75,3,2,0.667,2,,,,0,0,0
2022年9月15日,东莞,租房,90,75,1,1,1,1,,,,0,0,0
2022年9月15日,杭州,二手房,872,822,1,1,1,0,,,,0,0,0
2022年9月15日,杭州,新房,872,822,1,0,0,1,1,,,0,0,0
2022年9月15日,杭州,租房,872,822,5,5,1,1,10,9,,0,0,0
2022年9月15日,临汾,二手房,17,14,1,1,1,0,1,,,0,0,0
2022年9月15日,南昌,二手房,51,35,3,3,1,2,3,,,0,0,0
2022年9月15日,南京,二手房,276,257,3,2,0.667,2,1,,,0,0,0
2022年9月15日,南京,新房,276,257,1,0,0,1,,,,0,0,0
2022年9月15日,南京,租房,276,257,4,4,1,3,6,1,,0,0,0
2022年9月15日,青岛,二手房,38,29,1,1,1,1,,,,0,0,0
2022年9月15日,上海,二手房,495,438,8,6,0.75,5,3,1,,0,0,0
2022年9月15日,上海,新房,495,438,1,0,0,0,,,,0,0,0
2022年9月15日,上海,租房,495,438,7,6,0.857,7,17,7,,0,0,0
2022年9月15日,苏州,二手房,173,158,2,2,1,2,,,,0,0,0
2022年9月15日,苏州,租房,173,158,1,1,1,0,,,,0,0,0
2022年9月15日,太原,二手房,165,135,9,6,0.667,8,3,,,0,0,0
2022年9月15日,太原,新房,165,135,1,0,0,0,,,,0,0,0
2022年9月15日,太原,租房,165,135,1,1,1,0,,,,0,0,0
2022年9月15日,天津,二手房,223,194,4,4,1,1,1,,,0,0,0
2022年9月15日,天津,租房,223,194,5,5,1,3,2,1,,0,0,0
2022年9月15日,无锡,二手房,58,51,2,2,1,2,,,,0,0,0
2022年9月15日,无锡,租房,58,51,1,1,1,1,,,,0,0,0
2022年9月15日,武汉,二手房,46,31,1,1,1,1,,,,0,0,0
2022年9月15日,武汉,租房,46,31,1,1,1,0,,,,0,0,0
2022年9月16日,北京,二手房,1857,1612,17,17,1,9,19,5,,0,0,0
2022年9月16日,北京,租房,1857,1612,12,12,1,6,17,9,1,0,1,0
2022年9月16日,成都,二手房,61,47,1,1,1,1,,,,0,0,0
2022年9月16日,成都,租房,61,47,1,1,1,1,,,,0,0,0
2022年9月16日,东莞,二手房,82,71,1,1,1,1,,,,0,0,0
2022年9月16日,东莞,租房,82,71,1,1,1,1,,,,0,0,0
2022年9月16日,杭州,二手房,805,774,5,5,1,2,2,5,,0,0,0
2022年9月16日,杭州,租房,805,774,1,1,1,1,1,,,0,0,0
2022年9月16日,临汾,二手房,18,17,3,3,1,2,,,,0,0,0
2022年9月16日,南昌,新房,47,45,1,0,0,0,,,,0,0,0
2022年9月16日,南昌,租房,47,45,1,1,1,0,1,,,0,0,0
2022年9月16日,南京,二手房,244,228,1,1,1,1,1,,,0,0,0
2022年9月16日,南京,租房,244,228,2,2,1,1,2,1,,0,0,0
2022年9月16日,青岛,二手房,31,26,1,1,1,1,,,,0,0,0
2022年9月16日,上海,二手房,428,372,3,2,0.667,3,1,,,0,0,0
2022年9月16日,上海,租房,428,372,2,2,1,2,,,,0,0,0
2022年9月16日,苏州,二手房,145,134,3,3,1,2,3,,,0,0,0
2022年9月16日,苏州,新房,145,134,2,0,0,2,,,,0,0,0
2022年9月16日,太原,二手房,146,137,1,1,1,0,,,,0,0,0
2022年9月16日,太原,租房,146,137,2,0,0,2,,,,0,0,0
2022年9月16日,天津,二手房,185,162,2,2,1,2,,4,,0,0,0
2022年9月16日,天津,租房,185,162,2,2,1,2,,,,0,0,0
2022年9月16日,无锡,二手房,53,45,1,1,1,1,2,2,,0,0,0
2022年9月16日,西安咸阳,二手房,15,15,1,1,1,1,,,,0,0,0
2022年9月17日,北京,二手房,2127,1822,25,23,0.92,17,16,,1,1,0,0
2022年9月17日,北京,租房,2127,1822,19,18,0.947,9,39,24,3,0,3,0
2022年9月17日,成都,二手房,96,73,3,3,1,3,,,,0,0,0
2022年9月17日,东莞,二手房,102,82,3,2,0.667,2,1,,,0,0,0
2022年9月17日,东莞,租房,102,82,1,1,1,1,,,,0,0,0
2022年9月17日,杭州,二手房,904,852,4,3,0.75,1,9,8,,0,0,0
2022年9月17日,杭州,租房,904,852,1,1,1,1,,,,0,0,0
2022年9月17日,南昌,二手房,74,63,5,5,1,3,12,,,0,0,0
2022年9月17日,南昌,新房,74,63,2,0,0,1,,,,0,0,0
2022年9月17日,南昌,租房,74,63,1,1,1,1,1,,,0,0,0
2022年9月17日,南京,二手房,274,250,3,2,0.667,1,1,1,,0,0,0
2022年9月17日,南京,新房,274,250,1,0,0,0,,,,0,0,0
2022年9月17日,南京,租房,274,250,2,2,1,2,3,3,,0,0,0
2022年9月17日,青岛,二手房,32,29,1,1,1,0,,,,0,0,0
2022年9月17日,上海,二手房,494,446,6,4,0.667,3,1,,,0,0,0
2022年9月17日,上海,新房,494,446,1,0,0,1,,,,0,0,0
2022年9月17日,上海,租房,494,446,2,2,1,2,,,,0,0,0
2022年9月17日,苏州,二手房,204,186,1,1,1,0,,,,0,0,0
2022年9月17日,苏州,租房,204,186,1,1,1,1,1,,,0,0,0
2022年9月17日,太原,二手房,132,122,2,2,1,1,,,,0,0,0
2022年9月17日,太原,租房,132,122,4,4,1,4,2,1,,0,0,0
2022年9月17日,天津,二手房,213,188,7,6,0.857,3,5,2,,0,0,0
2022年9月17日,天津,租房,213,188,2,2,1,1,4,,,0,0,0
2022年9月17日,无锡,二手房,60,56,1,1,1,0,,,,0,0,0
2022年9月17日,无锡,租房,60,56,3,3,1,3,,,,0,0,0
2022年9月17日,西安咸阳,二手房,14,14,1,1,1,0,,,,0,0,0
2022年9月17日,西安咸阳,租房,14,14,1,1,1,0,,,,0,0,0
2022年9月17日,郑州,二手房,40,38,1,1,1,1,,,,0,0,0
2022年9月17日,郑州,租房,40,38,1,1,1,1,,,,0,0,0
2022年9月18日,北京,二手房,2095,1909,14,13,0.929,12,11,,,0,0,0
2022年9月18日,北京,新房,2095,1909,1,0,0,1,,,,0,0,0
2022年9月18日,北京,租房,2095,1909,21,20,0.952,11,27,6,2,0,2,0
2022年9月18日,成都,二手房,84,70,1,1,1,1,,,,0,0,0
2022年9月18日,杭州,二手房,968,901,8,8,1,7,7,17,,0,0,0
2022年9月18日,杭州,新房,968,901,1,0,0,1,,,,0,0,0
2022年9月18日,杭州,租房,968,901,3,3,1,1,,,,0,0,0
2022年9月18日,临汾,二手房,22,19,2,2,1,0,,,,0,0,0
2022年9月18日,南昌,二手房,49,46,2,2,1,2,3,,,0,0,0
2022年9月18日,南昌,租房,49,46,1,1,1,1,1,,,0,0,0
2022年9月18日,南京,二手房,282,265,1,1,1,1,1,,,0,0,0
2022年9月18日,南京,租房,282,265,1,1,1,0,,,,0,0,0
2022年9月18日,青岛,二手房,38,33,2,2,1,2,,,,0,0,0
2022年9月18日,上海,二手房,554,474,5,4,0.8,4,2,,,0,0,0
2022年9月18日,上海,新房,554,474,1,0,0,1,,,,0,0,0
2022年9月18日,上海,租房,554,474,3,3,1,2,5,1,,0,0,0
2022年9月18日,苏州,二手房,181,165,2,2,1,2,1,,,0,0,0
2022年9月18日,苏州,租房,181,165,2,2,1,2,,,,0,0,0
2022年9月18日,太原,二手房,141,134,4,4,1,3,2,,,0,0,0
2022年9月18日,太原,租房,141,134,1,1,1,1,4,5,,0,0,0
2022年9月18日,天津,二手房,231,202,5,4,0.8,3,,,,0,0,0
2022年9月18日,天津,租房,231,202,2,2,1,2,,,,0,0,0
2022年9月18日,西安咸阳,二手房,16,12,1,1,1,1,,,,0,0,0
2022年9月18日,郑州,二手房,29,24,1,1,1,1,,,,0,0,0
2022年9月18日,郑州,租房,29,24,1,1,1,1,,,,0,0,0
